time, N, D, A, C
1 , 14859 , 417 , 119093 , 1045
2 , 14844 , 416 , 119140 , 1029
3 , 14845 , 417 , 119170 , 1007
4 , 14828 , 419 , 119208 , 991
5 , 14843 , 412 , 119239 , 958
6 , 14839 , 407 , 119262 , 946
7 , 14844 , 407 , 119277 , 933
8 , 14841 , 410 , 119281 , 936
9 , 14838 , 410 , 119298 , 923
10 , 14845 , 410 , 119303 , 913
11 , 14851 , 406 , 119306 , 905
12 , 14849 , 410 , 119306 , 911
13 , 14851 , 408 , 119306 , 909
14 , 14856 , 407 , 119306 , 903
15 , 14864 , 403 , 119312 , 893
16 , 14856 , 409 , 119312 , 894
17 , 14864 , 408 , 119311 , 887
18 , 14864 , 405 , 119313 , 888
19 , 14860 , 402 , 119316 , 893
20 , 14856 , 401 , 119322 , 898
21 , 14847 , 404 , 119330 , 900
22 , 14848 , 402 , 119326 , 905
23 , 14838 , 404 , 119334 , 908
24 , 14838 , 404 , 119336 , 912
25 , 14832 , 406 , 119338 , 918
26 , 14829 , 406 , 119341 , 921
27 , 14822 , 406 , 119349 , 925
28 , 14816 , 405 , 119359 , 924
29 , 14809 , 406 , 119372 , 919
30 , 14811 , 406 , 119387 , 902
31 , 14804 , 405 , 119386 , 914
32 , 14808 , 404 , 119389 , 909
33 , 14793 , 404 , 119393 , 920
34 , 14786 , 403 , 119391 , 933
35 , 14770 , 399 , 119391 , 955
36 , 14757 , 398 , 119406 , 956
37 , 14742 , 399 , 119423 , 959
38 , 14729 , 400 , 119430 , 975
39 , 14711 , 399 , 119451 , 980
40 , 14706 , 398 , 119471 , 976
41 , 14697 , 398 , 119491 , 967
42 , 14686 , 399 , 119508 , 964
43 , 14690 , 393 , 119522 , 955
44 , 14677 , 398 , 119549 , 939
45 , 14680 , 394 , 119562 , 930
46 , 14676 , 394 , 119586 , 915
47 , 14680 , 393 , 119600 , 901
48 , 14676 , 395 , 119612 , 896
49 , 14677 , 396 , 119616 , 893
50 , 14673 , 402 , 119626 , 883
51 , 14690 , 400 , 119624 , 873
52 , 14689 , 403 , 119622 , 874
53 , 14694 , 402 , 119617 , 872
54 , 14695 , 401 , 119610 , 875
55 , 14701 , 400 , 119602 , 875
56 , 14703 , 402 , 119596 , 874
57 , 14707 , 405 , 119587 , 875
58 , 14706 , 403 , 119580 , 879
59 , 14705 , 400 , 119579 , 885
60 , 14709 , 402 , 119574 , 883
61 , 14714 , 401 , 119571 , 881
62 , 14721 , 398 , 119562 , 883
63 , 14714 , 399 , 119559 , 890
64 , 14707 , 399 , 119563 , 893
65 , 14709 , 397 , 119563 , 892
66 , 14705 , 394 , 119570 , 893
67 , 14701 , 394 , 119570 , 897
68 , 14696 , 393 , 119572 , 902
69 , 14687 , 393 , 119579 , 904
70 , 14685 , 392 , 119588 , 902
71 , 14683 , 392 , 119592 , 903
72 , 14682 , 393 , 119596 , 899
73 , 14686 , 391 , 119599 , 895
74 , 14681 , 393 , 119604 , 894
75 , 14689 , 391 , 119604 , 889
76 , 14682 , 393 , 119605 , 894
77 , 14687 , 391 , 119614 , 882
78 , 14680 , 394 , 119621 , 881
79 , 14688 , 392 , 119627 , 870
80 , 14685 , 393 , 119627 , 876
81 , 14693 , 392 , 119624 , 872
82 , 14682 , 394 , 119623 , 882
83 , 14686 , 393 , 119625 , 877
84 , 14684 , 394 , 119624 , 879
85 , 14689 , 392 , 119624 , 876
86 , 14686 , 393 , 119622 , 880
87 , 14683 , 391 , 119624 , 883
88 , 14683 , 392 , 119627 , 879
89 , 14686 , 391 , 119630 , 874
90 , 14682 , 393 , 119630 , 876
91 , 14685 , 391 , 119629 , 876
92 , 14680 , 393 , 119631 , 877
93 , 14686 , 391 , 119632 , 872
94 , 14682 , 393 , 119631 , 875
95 , 14686 , 392 , 119630 , 873
96 , 14680 , 394 , 119631 , 876
97 , 14686 , 393 , 119627 , 875
98 , 14682 , 393 , 119626 , 880
99 , 14684 , 393 , 119629 , 875
100 , 14688 , 393 , 119626 , 874
101 , 14689 , 393 , 119625 , 874
102 , 14687 , 394 , 119626 , 874
103 , 14685 , 394 , 119625 , 877
104 , 14681 , 395 , 119624 , 881
105 , 14686 , 393 , 119622 , 880
106 , 14684 , 393 , 119621 , 883
107 , 14683 , 392 , 119624 , 882
108 , 14683 , 393 , 119626 , 879
109 , 14677 , 394 , 119627 , 883
110 , 14685 , 392 , 119627 , 877
111 , 14683 , 392 , 119630 , 876
112 , 14682 , 393 , 119628 , 878
113 , 14686 , 391 , 119631 , 873
114 , 14681 , 393 , 119631 , 876
115 , 14686 , 391 , 119632 , 872
116 , 14681 , 393 , 119632 , 875
117 , 14688 , 391 , 119630 , 872
118 , 14681 , 393 , 119628 , 879
119 , 14687 , 392 , 119628 , 874
120 , 14681 , 394 , 119629 , 877
121 , 14687 , 392 , 119629 , 873
122 , 14687 , 393 , 119628 , 873
123 , 14692 , 392 , 119625 , 872
124 , 14687 , 393 , 119622 , 879
125 , 14686 , 392 , 119624 , 879
126 , 14682 , 393 , 119626 , 880
127 , 14682 , 394 , 119630 , 875
128 , 14689 , 392 , 119629 , 871
129 , 14681 , 394 , 119630 , 876
130 , 14692 , 392 , 119625 , 872
131 , 14684 , 394 , 119622 , 881
132 , 14687 , 392 , 119623 , 879
133 , 14683 , 393 , 119624 , 881
134 , 14689 , 391 , 119623 , 878
135 , 14685 , 392 , 119623 , 881
136 , 14688 , 391 , 119624 , 878
137 , 14682 , 393 , 119627 , 879
138 , 14687 , 392 , 119627 , 875
139 , 14681 , 393 , 119626 , 881
140 , 14688 , 391 , 119628 , 874
141 , 14682 , 393 , 119629 , 877
142 , 14691 , 391 , 119627 , 872
143 , 14687 , 392 , 119626 , 876
144 , 14689 , 392 , 119625 , 875
145 , 14681 , 394 , 119623 , 883
146 , 14689 , 391 , 119627 , 874
147 , 14684 , 394 , 119628 , 875
148 , 14691 , 392 , 119626 , 872
149 , 14686 , 394 , 119626 , 875
150 , 14694 , 393 , 119622 , 872
151 , 14685 , 395 , 119620 , 881
152 , 14684 , 395 , 119620 , 882
153 , 14686 , 393 , 119619 , 883
154 , 14686 , 393 , 119619 , 883
155 , 14686 , 392 , 119621 , 882
156 , 14685 , 393 , 119624 , 879
157 , 14685 , 393 , 119622 , 881
158 , 14685 , 392 , 119625 , 879
159 , 14682 , 394 , 119626 , 879
160 , 14683 , 393 , 119627 , 878
161 , 14686 , 393 , 119628 , 874
162 , 14689 , 393 , 119625 , 874
163 , 14689 , 393 , 119623 , 876
164 , 14687 , 393 , 119621 , 880
165 , 14688 , 392 , 119620 , 881
166 , 14686 , 392 , 119622 , 881
167 , 14682 , 393 , 119622 , 884
168 , 14684 , 391 , 119626 , 880
169 , 14682 , 393 , 119628 , 878
170 , 14686 , 392 , 119628 , 875
171 , 14683 , 394 , 119625 , 879
172 , 14684 , 392 , 119629 , 876
173 , 14677 , 394 , 119628 , 883
174 , 14677 , 393 , 119631 , 882
175 , 14673 , 395 , 119630 , 885
176 , 14675 , 392 , 119631 , 886
177 , 14669 , 394 , 119628 , 895
178 , 14672 , 394 , 119627 , 894
179 , 14671 , 394 , 119630 , 891
180 , 14679 , 391 , 119629 , 885
181 , 14664 , 394 , 119632 , 894
182 , 14666 , 394 , 119632 , 894
183 , 14666 , 393 , 119633 , 893
184 , 14662 , 392 , 119638 , 893
185 , 14666 , 391 , 119631 , 900
186 , 14656 , 389 , 119638 , 904
187 , 14653 , 389 , 119641 , 908
188 , 14651 , 388 , 119646 , 907
189 , 14649 , 387 , 119650 , 907
190 , 14654 , 386 , 119666 , 891
191 , 14644 , 389 , 119671 , 894
192 , 14645 , 388 , 119678 , 886
193 , 14645 , 387 , 119679 , 888
194 , 14639 , 387 , 119682 , 891
195 , 14638 , 387 , 119686 , 888
196 , 14633 , 388 , 119689 , 894
197 , 14638 , 388 , 119687 , 891
198 , 14643 , 388 , 119685 , 888
199 , 14645 , 388 , 119677 , 892
200 , 14639 , 385 , 119682 , 895
201 , 14630 , 386 , 119684 , 903
202 , 14640 , 383 , 119696 , 889
203 , 14637 , 386 , 119699 , 888
204 , 14640 , 384 , 119704 , 881
205 , 14631 , 387 , 119708 , 883
206 , 14644 , 384 , 119710 , 870
207 , 14636 , 387 , 119714 , 873
208 , 14647 , 388 , 119706 , 870
209 , 14653 , 389 , 119696 , 872
210 , 14659 , 392 , 119686 , 872
211 , 14662 , 394 , 119679 , 874
212 , 14671 , 394 , 119669 , 871
213 , 14673 , 399 , 119657 , 874
214 , 14678 , 395 , 119655 , 874
215 , 14683 , 398 , 119648 , 873
216 , 14684 , 401 , 119633 , 880
217 , 14688 , 396 , 119635 , 872
218 , 14686 , 399 , 119631 , 875
219 , 14688 , 400 , 119630 , 871
220 , 14691 , 402 , 119620 , 874
221 , 14697 , 401 , 119615 , 872
222 , 14693 , 404 , 119607 , 879
223 , 14694 , 405 , 119601 , 881
224 , 14692 , 404 , 119601 , 883
225 , 14692 , 405 , 119600 , 883
226 , 14692 , 407 , 119593 , 885
227 , 14703 , 404 , 119588 , 879
228 , 14702 , 406 , 119580 , 883
229 , 14698 , 407 , 119579 , 888
230 , 14688 , 409 , 119572 , 901
231 , 14695 , 411 , 119558 , 907
232 , 14688 , 412 , 119553 , 919
233 , 14690 , 418 , 119539 , 929
234 , 14689 , 423 , 119525 , 936
235 , 14714 , 413 , 119491 , 949
236 , 14699 , 413 , 119470 , 979
237 , 14683 , 411 , 119470 , 997
238 , 14684 , 412 , 119449 , 1020
239 , 14674 , 408 , 119447 , 1030
240 , 14663 , 407 , 119457 , 1031
241 , 14667 , 408 , 119458 , 1030
242 , 14662 , 410 , 119467 , 1026
243 , 14667 , 414 , 119463 , 1024
244 , 14664 , 412 , 119475 , 1013
245 , 14681 , 408 , 119481 , 995
246 , 14668 , 407 , 119483 , 1003
247 , 14677 , 404 , 119485 , 1001
248 , 14664 , 405 , 119500 , 997
249 , 14652 , 403 , 119522 , 995
250 , 14643 , 401 , 119537 , 1007
251 , 14637 , 396 , 119564 , 997
252 , 14630 , 398 , 119590 , 987
253 , 14635 , 395 , 119599 , 981
254 , 14636 , 401 , 119603 , 972
255 , 14648 , 397 , 119607 , 958
256 , 14647 , 401 , 119612 , 951
257 , 14652 , 406 , 119622 , 927
258 , 14647 , 407 , 119622 , 928
259 , 14664 , 406 , 119605 , 932
260 , 14665 , 403 , 119588 , 947
261 , 14675 , 402 , 119572 , 950
262 , 14665 , 411 , 119565 , 959
263 , 14680 , 410 , 119551 , 953
264 , 14686 , 411 , 119536 , 959
265 , 14673 , 408 , 119544 , 962
266 , 14673 , 408 , 119559 , 949
267 , 14666 , 404 , 119572 , 947
268 , 14658 , 407 , 119558 , 971
269 , 14653 , 404 , 119557 , 979
270 , 14644 , 405 , 119567 , 979
271 , 14654 , 401 , 119582 , 962
272 , 14633 , 408 , 119592 , 975
273 , 14638 , 406 , 119592 , 977
274 , 14623 , 406 , 119598 , 988
275 , 14616 , 406 , 119611 , 989
276 , 14610 , 410 , 119629 , 972
277 , 14619 , 408 , 119633 , 962
278 , 14626 , 406 , 119639 , 950
279 , 14631 , 401 , 119636 , 951
280 , 14637 , 403 , 119639 , 940
281 , 14645 , 402 , 119652 , 922
282 , 14633 , 401 , 119659 , 930
283 , 14625 , 405 , 119661 , 934
284 , 14636 , 404 , 119653 , 933
285 , 14631 , 403 , 119643 , 948
286 , 14622 , 407 , 119643 , 954
287 , 14636 , 403 , 119627 , 961
288 , 14627 , 405 , 119643 , 951
289 , 14628 , 409 , 119649 , 945
290 , 14645 , 408 , 119661 , 916
291 , 14661 , 408 , 119659 , 897
292 , 14681 , 409 , 119641 , 889
293 , 14689 , 409 , 119623 , 891
294 , 14682 , 403 , 119619 , 896
295 , 14695 , 406 , 119594 , 906
296 , 14676 , 411 , 119593 , 916
297 , 14680 , 404 , 119581 , 928
298 , 14667 , 410 , 119574 , 942
299 , 14668 , 412 , 119560 , 956
300 , 14678 , 404 , 119545 , 966
301 , 14676 , 405 , 119527 , 985
302 , 14673 , 403 , 119522 , 995
303 , 14673 , 407 , 119523 , 997
304 , 14671 , 407 , 119528 , 992
305 , 14667 , 407 , 119526 , 996
306 , 14672 , 405 , 119548 , 968
307 , 14668 , 409 , 119575 , 944
308 , 14684 , 405 , 119582 , 922
309 , 14684 , 406 , 119577 , 926
310 , 14692 , 406 , 119564 , 931
311 , 14697 , 408 , 119561 , 922
312 , 14713 , 411 , 119535 , 928
313 , 14726 , 404 , 119517 , 933
314 , 14728 , 405 , 119512 , 931
315 , 14734 , 406 , 119506 , 924
316 , 14732 , 410 , 119510 , 915
317 , 14745 , 408 , 119501 , 911
318 , 14746 , 408 , 119494 , 912
319 , 14757 , 407 , 119480 , 915
320 , 14733 , 413 , 119499 , 911
321 , 14752 , 410 , 119476 , 920
322 , 14754 , 410 , 119454 , 933
323 , 14750 , 415 , 119436 , 947
324 , 14748 , 422 , 119414 , 966
325 , 14735 , 414 , 119398 , 991
326 , 14716 , 416 , 119405 , 1004
327 , 14696 , 415 , 119414 , 1016
328 , 14702 , 409 , 119429 , 1009
329 , 14687 , 414 , 119430 , 1028
330 , 14703 , 404 , 119440 , 1015
331 , 14685 , 408 , 119456 , 1020
332 , 14691 , 405 , 119471 , 1004
333 , 14688 , 407 , 119484 , 997
334 , 14699 , 400 , 119502 , 975
335 , 14689 , 403 , 119506 , 984
336 , 14692 , 401 , 119507 , 982
337 , 14693 , 400 , 119514 , 973
338 , 14699 , 402 , 119518 , 961
339 , 14689 , 405 , 119512 , 973
340 , 14698 , 404 , 119515 , 958
341 , 14709 , 401 , 119506 , 956
342 , 14700 , 401 , 119502 , 969
343 , 14704 , 398 , 119507 , 965
344 , 14705 , 397 , 119506 , 963
345 , 14710 , 399 , 119500 , 959
346 , 14713 , 400 , 119506 , 949
347 , 14721 , 401 , 119499 , 945
348 , 14730 , 402 , 119501 , 933
349 , 14728 , 407 , 119503 , 935
350 , 14751 , 403 , 119486 , 926
351 , 14753 , 407 , 119481 , 918
352 , 14774 , 408 , 119466 , 911
353 , 14777 , 408 , 119465 , 904
354 , 14795 , 410 , 119444 , 902
355 , 14798 , 422 , 119410 , 916
356 , 14794 , 425 , 119397 , 926
357 , 14813 , 426 , 119374 , 921
358 , 14840 , 423 , 119341 , 917
359 , 14822 , 426 , 119315 , 946
360 , 14830 , 422 , 119299 , 952
361 , 14815 , 428 , 119294 , 964
362 , 14823 , 425 , 119286 , 961
363 , 14823 , 432 , 119271 , 972
364 , 14822 , 422 , 119254 , 994
365 , 14792 , 428 , 119233 , 1038
366 , 14785 , 428 , 119230 , 1053
367 , 14780 , 429 , 119223 , 1066
368 , 14767 , 430 , 119223 , 1079
369 , 14757 , 428 , 119222 , 1097
370 , 14747 , 425 , 119240 , 1097
371 , 14754 , 421 , 119236 , 1104
372 , 14738 , 426 , 119243 , 1103
373 , 14747 , 421 , 119249 , 1091
374 , 14743 , 428 , 119260 , 1074
375 , 14731 , 427 , 119280 , 1065
376 , 14741 , 421 , 119265 , 1078
377 , 14736 , 422 , 119263 , 1085
378 , 14736 , 422 , 119264 , 1081
379 , 14731 , 423 , 119260 , 1085
380 , 14738 , 418 , 119260 , 1085
381 , 14724 , 425 , 119265 , 1090
382 , 14741 , 422 , 119255 , 1092
383 , 14737 , 424 , 119270 , 1078
384 , 14741 , 426 , 119286 , 1063
385 , 14748 , 424 , 119292 , 1053
386 , 14756 , 424 , 119287 , 1049
387 , 14762 , 423 , 119292 , 1035
388 , 14769 , 425 , 119298 , 1019
389 , 14775 , 428 , 119307 , 1002
390 , 14780 , 426 , 119331 , 980
391 , 14784 , 426 , 119331 , 973
392 , 14786 , 429 , 119334 , 963
393 , 14789 , 426 , 119318 , 980
394 , 14792 , 419 , 119325 , 974
395 , 14774 , 428 , 119333 , 982
396 , 14780 , 426 , 119320 , 996
397 , 14762 , 430 , 119339 , 994
398 , 14783 , 426 , 119334 , 987
399 , 14773 , 429 , 119334 , 992
400 , 14776 , 432 , 119332 , 995
401 , 14790 , 433 , 119312 , 1001
402 , 14792 , 431 , 119294 , 1009
403 , 14783 , 423 , 119301 , 1014
404 , 14778 , 420 , 119313 , 1014
405 , 14777 , 420 , 119314 , 1022
406 , 14759 , 428 , 119327 , 1015
407 , 14755 , 426 , 119354 , 994
408 , 14757 , 419 , 119390 , 962
409 , 14760 , 418 , 119399 , 954
410 , 14756 , 416 , 119410 , 946
411 , 14767 , 416 , 119407 , 940
412 , 14764 , 418 , 119403 , 948
413 , 14753 , 420 , 119392 , 967
414 , 14761 , 421 , 119388 , 959
415 , 14743 , 420 , 119403 , 961
416 , 14747 , 418 , 119395 , 967
417 , 14747 , 414 , 119392 , 970
418 , 14742 , 413 , 119399 , 970
419 , 14731 , 418 , 119397 , 977
420 , 14721 , 419 , 119402 , 981
421 , 14725 , 418 , 119402 , 989
422 , 14729 , 417 , 119418 , 975
423 , 14732 , 417 , 119425 , 962
424 , 14733 , 422 , 119425 , 965
425 , 14733 , 428 , 119431 , 964
426 , 14765 , 425 , 119414 , 953
427 , 14759 , 426 , 119404 , 958
428 , 14750 , 423 , 119387 , 981
429 , 14777 , 417 , 119380 , 963
430 , 14771 , 422 , 119383 , 956
431 , 14772 , 422 , 119383 , 954
432 , 14792 , 426 , 119367 , 945
433 , 14790 , 437 , 119351 , 947
434 , 14818 , 428 , 119335 , 930
435 , 14828 , 434 , 119313 , 926
436 , 14845 , 431 , 119289 , 932
437 , 14828 , 436 , 119292 , 934
438 , 14850 , 432 , 119269 , 937
439 , 14851 , 436 , 119247 , 948
440 , 14836 , 433 , 119242 , 963
441 , 14847 , 433 , 119225 , 970
442 , 14836 , 442 , 119224 , 973
443 , 14862 , 444 , 119210 , 964
444 , 14871 , 448 , 119196 , 953
445 , 14884 , 453 , 119160 , 966
446 , 14886 , 453 , 119136 , 974
447 , 14902 , 450 , 119107 , 981
448 , 14902 , 450 , 119082 , 997
449 , 14896 , 449 , 119061 , 1019
450 , 14887 , 441 , 119053 , 1034
451 , 14880 , 440 , 119040 , 1057
452 , 14884 , 432 , 119042 , 1057
453 , 14875 , 436 , 119058 , 1045
454 , 14883 , 433 , 119062 , 1033
455 , 14891 , 436 , 119095 , 988
456 , 14890 , 437 , 119106 , 981
457 , 14898 , 435 , 119092 , 989
458 , 14878 , 433 , 119093 , 1007
459 , 14880 , 431 , 119080 , 1023
460 , 14877 , 428 , 119074 , 1034
461 , 14861 , 430 , 119065 , 1054
462 , 14875 , 423 , 119063 , 1054
463 , 14853 , 429 , 119064 , 1063
464 , 14868 , 426 , 119060 , 1059
465 , 14863 , 425 , 119059 , 1061
466 , 14866 , 424 , 119060 , 1060
467 , 14848 , 428 , 119082 , 1052
468 , 14830 , 435 , 119109 , 1050
469 , 14828 , 424 , 119118 , 1056
470 , 14811 , 419 , 119145 , 1057
471 , 14787 , 421 , 119190 , 1045
472 , 14799 , 417 , 119222 , 1016
473 , 14791 , 421 , 119244 , 1015
474 , 14788 , 419 , 119255 , 1015
475 , 14787 , 413 , 119272 , 1005
476 , 14794 , 415 , 119303 , 970
477 , 14801 , 419 , 119325 , 939
478 , 14811 , 418 , 119336 , 917
479 , 14821 , 414 , 119348 , 902
480 , 14817 , 416 , 119350 , 900
481 , 14835 , 411 , 119341 , 893
482 , 14835 , 408 , 119342 , 894
483 , 14831 , 410 , 119340 , 899
484 , 14830 , 408 , 119333 , 908
485 , 14828 , 408 , 119341 , 902
486 , 14837 , 405 , 119350 , 885
487 , 14842 , 406 , 119350 , 879
488 , 14846 , 407 , 119346 , 879
489 , 14844 , 412 , 119338 , 885
490 , 14850 , 411 , 119335 , 881
491 , 14850 , 409 , 119322 , 892
492 , 14841 , 410 , 119318 , 903
493 , 14822 , 415 , 119313 , 923
494 , 14833 , 411 , 119316 , 913
495 , 14820 , 415 , 119330 , 909
496 , 14824 , 408 , 119338 , 903
497 , 14820 , 408 , 119350 , 898
498 , 14822 , 406 , 119345 , 906
499 , 14820 , 403 , 119357 , 898
500 , 14815 , 404 , 119362 , 899
501 , 14818 , 403 , 119365 , 895
502 , 14813 , 403 , 119364 , 904
503 , 14797 , 402 , 119378 , 906
504 , 14804 , 401 , 119379 , 900
505 , 14802 , 400 , 119377 , 906
506 , 14801 , 401 , 119384 , 900
507 , 14801 , 402 , 119399 , 887
508 , 14800 , 402 , 119403 , 885
509 , 14805 , 399 , 119405 , 883
510 , 14798 , 402 , 119405 , 887
511 , 14799 , 401 , 119409 , 883
512 , 14798 , 402 , 119410 , 883
513 , 14801 , 400 , 119412 , 881
514 , 14800 , 402 , 119412 , 880
515 , 14803 , 401 , 119412 , 878
516 , 14802 , 403 , 119409 , 880
517 , 14808 , 401 , 119406 , 879
518 , 14797 , 404 , 119404 , 889
519 , 14811 , 401 , 119397 , 885
520 , 14805 , 403 , 119396 , 889
521 , 14817 , 401 , 119395 , 880
522 , 14807 , 405 , 119398 , 882
523 , 14817 , 406 , 119390 , 879
524 , 14823 , 406 , 119383 , 880
525 , 14826 , 405 , 119377 , 881
526 , 14830 , 406 , 119374 , 879
527 , 14829 , 406 , 119367 , 885
528 , 14836 , 407 , 119360 , 882
529 , 14842 , 407 , 119350 , 885
530 , 14840 , 408 , 119342 , 892
531 , 14842 , 409 , 119342 , 889
532 , 14845 , 407 , 119343 , 884
533 , 14851 , 408 , 119337 , 882
534 , 14847 , 409 , 119339 , 882
535 , 14849 , 407 , 119338 , 883
536 , 14848 , 410 , 119338 , 880
537 , 14851 , 410 , 119337 , 877
538 , 14848 , 412 , 119327 , 889
539 , 14856 , 411 , 119324 , 884
540 , 14859 , 413 , 119312 , 888
541 , 14856 , 413 , 119307 , 893
542 , 14854 , 414 , 119307 , 894
543 , 14857 , 410 , 119303 , 896
544 , 14856 , 413 , 119299 , 900
545 , 14868 , 412 , 119296 , 891
546 , 14867 , 414 , 119292 , 894
547 , 14865 , 418 , 119291 , 892
548 , 14872 , 421 , 119282 , 891
549 , 14884 , 417 , 119273 , 887
550 , 14881 , 418 , 119261 , 901
551 , 14874 , 420 , 119263 , 905
552 , 14876 , 419 , 119251 , 915
553 , 14875 , 416 , 119243 , 924
554 , 14871 , 418 , 119242 , 927
555 , 14865 , 415 , 119239 , 937
556 , 14865 , 416 , 119238 , 938
557 , 14854 , 417 , 119242 , 941
558 , 14869 , 413 , 119238 , 933
559 , 14858 , 417 , 119242 , 939
560 , 14858 , 418 , 119249 , 931
561 , 14873 , 415 , 119237 , 931
562 , 14852 , 417 , 119238 , 945
563 , 14825 , 420 , 119252 , 964
564 , 14825 , 417 , 119258 , 968
565 , 14810 , 423 , 119269 , 977
566 , 14818 , 417 , 119276 , 978
567 , 14808 , 420 , 119290 , 973
568 , 14820 , 418 , 119302 , 953
569 , 14825 , 420 , 119306 , 942
570 , 14834 , 426 , 119316 , 921
571 , 14853 , 424 , 119313 , 907
572 , 14867 , 420 , 119312 , 889
573 , 14879 , 420 , 119301 , 882
574 , 14885 , 420 , 119287 , 886
575 , 14886 , 426 , 119274 , 889
576 , 14895 , 424 , 119257 , 891
577 , 14896 , 421 , 119254 , 887
578 , 14903 , 423 , 119244 , 888
579 , 14909 , 426 , 119230 , 892
580 , 14916 , 426 , 119224 , 885
581 , 14925 , 426 , 119216 , 880
582 , 14926 , 433 , 119200 , 885
583 , 14936 , 431 , 119191 , 882
584 , 14944 , 436 , 119174 , 882
585 , 14968 , 428 , 119142 , 890
586 , 14974 , 435 , 119117 , 896
587 , 14977 , 432 , 119093 , 908
588 , 14976 , 432 , 119081 , 918
589 , 14961 , 434 , 119071 , 934
590 , 14959 , 433 , 119075 , 930
591 , 14957 , 435 , 119050 , 955
592 , 14962 , 428 , 119034 , 974
593 , 14939 , 434 , 119028 , 1000
594 , 14951 , 426 , 119010 , 1016
595 , 14926 , 427 , 119019 , 1032
596 , 14925 , 424 , 119020 , 1040
597 , 14909 , 423 , 119030 , 1047
598 , 14890 , 421 , 119049 , 1054
599 , 14886 , 422 , 119081 , 1029
600 , 14881 , 423 , 119121 , 995
601 , 14889 , 422 , 119164 , 952
602 , 14883 , 422 , 119197 , 928
603 , 14890 , 424 , 119206 , 915
604 , 14896 , 427 , 119205 , 905
605 , 14891 , 423 , 119217 , 906
606 , 14902 , 421 , 119209 , 905
607 , 14895 , 425 , 119208 , 910
608 , 14893 , 426 , 119205 , 913
609 , 14898 , 430 , 119187 , 922
610 , 14889 , 434 , 119178 , 941
611 , 14889 , 431 , 119168 , 952
612 , 14886 , 426 , 119172 , 950
613 , 14887 , 428 , 119177 , 942
614 , 14894 , 426 , 119193 , 922
615 , 14910 , 423 , 119199 , 901
616 , 14906 , 421 , 119195 , 906
617 , 14915 , 415 , 119192 , 907
618 , 14895 , 416 , 119198 , 918
619 , 14891 , 416 , 119201 , 917
620 , 14873 , 415 , 119204 , 933
621 , 14880 , 413 , 119210 , 921
622 , 14877 , 411 , 119218 , 915
623 , 14881 , 408 , 119219 , 918
624 , 14863 , 418 , 119224 , 919
625 , 14873 , 413 , 119217 , 921
626 , 14873 , 414 , 119219 , 915
627 , 14878 , 412 , 119209 , 920
628 , 14878 , 414 , 119200 , 925
629 , 14871 , 415 , 119199 , 932
630 , 14856 , 419 , 119196 , 947
631 , 14861 , 417 , 119189 , 954
632 , 14862 , 416 , 119195 , 949
633 , 14868 , 421 , 119190 , 942
634 , 14870 , 422 , 119194 , 934
635 , 14876 , 420 , 119191 , 929
636 , 14891 , 415 , 119191 , 916
637 , 14876 , 423 , 119190 , 926
638 , 14894 , 421 , 119186 , 913
639 , 14889 , 428 , 119182 , 915
640 , 14905 , 426 , 119174 , 912
641 , 14907 , 423 , 119159 , 922
642 , 14906 , 424 , 119152 , 931
643 , 14908 , 423 , 119136 , 940
644 , 14905 , 420 , 119127 , 952
645 , 14886 , 424 , 119138 , 955
646 , 14895 , 422 , 119141 , 946
647 , 14902 , 421 , 119140 , 941
648 , 14907 , 428 , 119164 , 909
649 , 14907 , 430 , 119177 , 899
650 , 14934 , 429 , 119158 , 896
651 , 14932 , 431 , 119147 , 899
652 , 14938 , 433 , 119137 , 900
653 , 14961 , 425 , 119114 , 902
654 , 14946 , 434 , 119110 , 907
655 , 14956 , 435 , 119101 , 904
656 , 14970 , 428 , 119089 , 899
657 , 14977 , 431 , 119080 , 893
658 , 14984 , 428 , 119059 , 902
659 , 14983 , 429 , 119050 , 905
660 , 14972 , 429 , 119050 , 911
661 , 14985 , 431 , 119033 , 912
662 , 14976 , 427 , 119024 , 925
663 , 14982 , 423 , 119013 , 932
664 , 14982 , 424 , 119004 , 938
665 , 14971 , 430 , 119000 , 945
666 , 14978 , 430 , 118994 , 942
667 , 14973 , 430 , 118993 , 946
668 , 14956 , 431 , 118992 , 968
669 , 14958 , 423 , 119001 , 964
670 , 14932 , 422 , 119010 , 986
671 , 14935 , 419 , 119011 , 991
672 , 14917 , 423 , 119019 , 1002
673 , 14910 , 422 , 119022 , 1009
674 , 14902 , 420 , 119027 , 1014
675 , 14892 , 417 , 119036 , 1024
676 , 14871 , 420 , 119055 , 1029
677 , 14875 , 412 , 119073 , 1026
678 , 14845 , 414 , 119092 , 1045
679 , 14827 , 415 , 119103 , 1066
680 , 14819 , 415 , 119114 , 1075
681 , 14808 , 414 , 119125 , 1081
682 , 14813 , 411 , 119158 , 1052
683 , 14799 , 410 , 119190 , 1035
684 , 14791 , 410 , 119235 , 1003
685 , 14784 , 412 , 119283 , 968
686 , 14800 , 407 , 119293 , 947
687 , 14790 , 409 , 119307 , 944
688 , 14792 , 407 , 119315 , 942
689 , 14787 , 411 , 119327 , 935
690 , 14790 , 410 , 119329 , 935
691 , 14789 , 412 , 119330 , 934
692 , 14786 , 414 , 119340 , 924
693 , 14797 , 416 , 119338 , 913
694 , 14805 , 415 , 119336 , 910
695 , 14807 , 417 , 119338 , 902
696 , 14827 , 415 , 119323 , 899
697 , 14823 , 419 , 119316 , 904
698 , 14842 , 417 , 119304 , 896
699 , 14833 , 422 , 119297 , 903
700 , 14842 , 426 , 119281 , 906
701 , 14854 , 425 , 119267 , 902
702 , 14852 , 425 , 119259 , 906
703 , 14848 , 435 , 119249 , 908
704 , 14854 , 438 , 119228 , 919
705 , 14861 , 434 , 119218 , 918
706 , 14869 , 434 , 119203 , 920
707 , 14877 , 442 , 119191 , 915
708 , 14893 , 439 , 119185 , 902
709 , 14903 , 443 , 119174 , 895
710 , 14906 , 445 , 119155 , 903
711 , 14923 , 444 , 119135 , 901
712 , 14930 , 446 , 119120 , 898
713 , 14941 , 446 , 119110 , 893
714 , 14952 , 452 , 119084 , 897
715 , 14978 , 451 , 119052 , 895
716 , 14985 , 452 , 119026 , 903
717 , 14999 , 456 , 118993 , 910
718 , 15004 , 452 , 118968 , 924
719 , 15007 , 452 , 118947 , 934
720 , 15025 , 454 , 118929 , 930
721 , 15046 , 451 , 118901 , 930
722 , 15043 , 456 , 118891 , 928
723 , 15046 , 448 , 118895 , 918
724 , 15056 , 447 , 118879 , 922
725 , 15056 , 448 , 118871 , 924
726 , 15076 , 445 , 118854 , 919
727 , 15076 , 444 , 118853 , 910
728 , 15080 , 449 , 118835 , 920
729 , 15092 , 446 , 118817 , 921
730 , 15091 , 446 , 118803 , 929
731 , 15093 , 443 , 118804 , 924
732 , 15092 , 445 , 118794 , 929
733 , 15097 , 447 , 118783 , 926
734 , 15103 , 447 , 118780 , 921
735 , 15104 , 444 , 118772 , 922
736 , 15106 , 442 , 118766 , 926
737 , 15100 , 445 , 118751 , 938
738 , 15098 , 446 , 118746 , 941
739 , 15094 , 447 , 118740 , 946
740 , 15096 , 447 , 118737 , 948
741 , 15082 , 450 , 118737 , 956
742 , 15087 , 447 , 118742 , 951
743 , 15101 , 441 , 118737 , 943
744 , 15101 , 442 , 118733 , 945
745 , 15096 , 449 , 118734 , 938
746 , 15102 , 441 , 118719 , 954
747 , 15091 , 439 , 118716 , 965
748 , 15089 , 436 , 118708 , 979
749 , 15073 , 438 , 118707 , 998
750 , 15071 , 435 , 118704 , 1008
751 , 15058 , 434 , 118698 , 1032
752 , 15051 , 435 , 118688 , 1049
753 , 15043 , 435 , 118682 , 1063
754 , 15047 , 429 , 118689 , 1055
755 , 15033 , 434 , 118692 , 1060
756 , 15037 , 435 , 118685 , 1062
757 , 15031 , 441 , 118679 , 1066
758 , 15042 , 437 , 118685 , 1047
759 , 15052 , 437 , 118680 , 1045
760 , 15041 , 438 , 118687 , 1055
761 , 15073 , 432 , 118664 , 1050
762 , 15062 , 431 , 118657 , 1061
763 , 15056 , 432 , 118646 , 1074
764 , 15044 , 433 , 118651 , 1075
765 , 15061 , 430 , 118646 , 1061
766 , 15059 , 430 , 118652 , 1051
767 , 15078 , 428 , 118640 , 1048
768 , 15079 , 427 , 118645 , 1038
769 , 15088 , 428 , 118646 , 1027
770 , 15085 , 427 , 118661 , 1014
771 , 15099 , 429 , 118645 , 1012
772 , 15106 , 428 , 118630 , 1016
773 , 15115 , 425 , 118621 , 1014
774 , 15122 , 430 , 118609 , 1012
775 , 15126 , 424 , 118605 , 1013
776 , 15132 , 423 , 118592 , 1017
777 , 15136 , 423 , 118585 , 1020
778 , 15143 , 423 , 118583 , 1010
779 , 15144 , 424 , 118570 , 1018
780 , 15145 , 422 , 118574 , 1014
781 , 15150 , 424 , 118563 , 1016
782 , 15159 , 420 , 118558 , 1013
783 , 15154 , 423 , 118552 , 1020
784 , 15162 , 422 , 118545 , 1019
785 , 15156 , 424 , 118544 , 1023
786 , 15166 , 424 , 118541 , 1015
787 , 15148 , 425 , 118538 , 1032
788 , 15158 , 419 , 118533 , 1032
789 , 15133 , 425 , 118538 , 1048
790 , 15148 , 423 , 118533 , 1040
791 , 15144 , 424 , 118535 , 1042
792 , 15157 , 419 , 118531 , 1038
793 , 15147 , 422 , 118543 , 1033
794 , 15156 , 420 , 118547 , 1025
795 , 15153 , 420 , 118549 , 1026
796 , 15156 , 420 , 118555 , 1017
797 , 15152 , 419 , 118555 , 1022
798 , 15139 , 418 , 118567 , 1026
799 , 15119 , 416 , 118577 , 1040
800 , 15096 , 414 , 118593 , 1055
801 , 15067 , 417 , 118603 , 1087
802 , 15040 , 413 , 118637 , 1097
803 , 15017 , 409 , 118672 , 1111
804 , 14992 , 413 , 118707 , 1115
805 , 14983 , 412 , 118741 , 1109
806 , 14964 , 413 , 118785 , 1092
807 , 14962 , 414 , 118843 , 1051
808 , 14948 , 415 , 118876 , 1047
809 , 14938 , 413 , 118911 , 1039
810 , 14932 , 417 , 118939 , 1027
811 , 14926 , 416 , 118955 , 1027
812 , 14934 , 415 , 118970 , 1009
813 , 14926 , 419 , 118996 , 991
814 , 14931 , 419 , 119005 , 978
815 , 14932 , 413 , 119029 , 957
816 , 14937 , 415 , 119058 , 927
817 , 14937 , 416 , 119072 , 910
818 , 14960 , 412 , 119069 , 902
819 , 14957 , 413 , 119078 , 900
820 , 14961 , 414 , 119073 , 900
821 , 14964 , 417 , 119067 , 902
822 , 14969 , 418 , 119060 , 900
823 , 14980 , 417 , 119047 , 903
824 , 14984 , 412 , 119036 , 910
825 , 14979 , 415 , 119028 , 920
826 , 14977 , 417 , 119021 , 928
827 , 14989 , 414 , 119019 , 916
828 , 14988 , 415 , 119021 , 910
829 , 15001 , 412 , 119013 , 906
830 , 14997 , 417 , 119007 , 908
831 , 15001 , 416 , 119002 , 909
832 , 14995 , 422 , 118998 , 911
833 , 15007 , 421 , 118987 , 913
834 , 15006 , 420 , 118982 , 917
835 , 15024 , 417 , 118970 , 911
836 , 15019 , 418 , 118960 , 920
837 , 15028 , 418 , 118952 , 918
838 , 15032 , 418 , 118946 , 916
839 , 15041 , 419 , 118939 , 911
840 , 15045 , 419 , 118931 , 911
841 , 15046 , 421 , 118923 , 913
842 , 15055 , 426 , 118911 , 910
843 , 15064 , 426 , 118898 , 911
844 , 15076 , 422 , 118885 , 911
845 , 15077 , 426 , 118878 , 909
846 , 15094 , 427 , 118864 , 904
847 , 15086 , 431 , 118865 , 898
848 , 15102 , 433 , 118850 , 897
849 , 15108 , 434 , 118836 , 897
850 , 15125 , 432 , 118815 , 898
851 , 15128 , 434 , 118803 , 897
852 , 15136 , 440 , 118785 , 899
853 , 15146 , 441 , 118767 , 898
854 , 15167 , 440 , 118740 , 897
855 , 15166 , 443 , 118730 , 895
856 , 15176 , 445 , 118702 , 905
857 , 15185 , 447 , 118673 , 915
858 , 15180 , 450 , 118655 , 928
859 , 15194 , 450 , 118633 , 926
860 , 15187 , 452 , 118621 , 932
861 , 15186 , 451 , 118614 , 940
862 , 15200 , 444 , 118602 , 937
863 , 15189 , 443 , 118612 , 934
864 , 15196 , 445 , 118611 , 929
865 , 15204 , 444 , 118606 , 921
866 , 15203 , 451 , 118595 , 926
867 , 15207 , 453 , 118581 , 930
868 , 15226 , 448 , 118554 , 931
869 , 15219 , 448 , 118543 , 944
870 , 15206 , 451 , 118534 , 958
871 , 15207 , 456 , 118515 , 970
872 , 15214 , 449 , 118505 , 971
873 , 15225 , 448 , 118492 , 968
874 , 15225 , 452 , 118484 , 964
875 , 15228 , 454 , 118464 , 975
876 , 15246 , 449 , 118433 , 982
877 , 15213 , 459 , 118433 , 998
878 , 15222 , 457 , 118428 , 995
879 , 15217 , 452 , 118413 , 1018
880 , 15201 , 452 , 118415 , 1026
881 , 15193 , 448 , 118400 , 1055
882 , 15187 , 444 , 118412 , 1058
883 , 15177 , 445 , 118427 , 1054
884 , 15169 , 448 , 118424 , 1069
885 , 15162 , 453 , 118427 , 1078
886 , 15161 , 448 , 118427 , 1091
887 , 15166 , 443 , 118418 , 1102
888 , 15143 , 447 , 118435 , 1107
889 , 15138 , 450 , 118464 , 1080
890 , 15127 , 456 , 118478 , 1075
891 , 15157 , 452 , 118451 , 1080
892 , 15158 , 444 , 118441 , 1085
893 , 15167 , 441 , 118424 , 1097
894 , 15148 , 448 , 118403 , 1127
895 , 15159 , 443 , 118390 , 1135
896 , 15151 , 441 , 118379 , 1150
897 , 15162 , 441 , 118374 , 1141
898 , 15155 , 443 , 118367 , 1148
899 , 15171 , 438 , 118346 , 1157
900 , 15150 , 437 , 118352 , 1172
901 , 15145 , 436 , 118369 , 1165
902 , 15127 , 444 , 118385 , 1160
903 , 15137 , 443 , 118397 , 1139
904 , 15150 , 440 , 118432 , 1083
905 , 15152 , 442 , 118454 , 1057
906 , 15165 , 447 , 118454 , 1043
907 , 15172 , 447 , 118475 , 1011
908 , 15171 , 443 , 118496 , 993
909 , 15176 , 442 , 118508 , 986
910 , 15177 , 446 , 118504 , 998
911 , 15185 , 443 , 118488 , 1005
912 , 15191 , 452 , 118473 , 1009
913 , 15220 , 447 , 118441 , 1013
914 , 15205 , 454 , 118430 , 1033
915 , 15215 , 460 , 118420 , 1026
916 , 15229 , 462 , 118409 , 1015
917 , 15220 , 458 , 118404 , 1030
918 , 15238 , 460 , 118397 , 1018
919 , 15247 , 462 , 118392 , 1002
920 , 15224 , 460 , 118403 , 1012
921 , 15223 , 459 , 118398 , 1019
922 , 15220 , 469 , 118390 , 1027
923 , 15233 , 467 , 118368 , 1037
924 , 15241 , 470 , 118358 , 1030
925 , 15252 , 472 , 118340 , 1031
926 , 15233 , 483 , 118336 , 1043
927 , 15272 , 479 , 118308 , 1035
928 , 15272 , 487 , 118288 , 1040
929 , 15293 , 480 , 118273 , 1028
930 , 15295 , 480 , 118258 , 1037
931 , 15312 , 482 , 118234 , 1037
932 , 15311 , 487 , 118204 , 1059
933 , 15319 , 481 , 118168 , 1082
934 , 15306 , 485 , 118161 , 1088
935 , 15321 , 484 , 118139 , 1098
936 , 15315 , 488 , 118112 , 1121
937 , 15314 , 490 , 118097 , 1135
938 , 15308 , 486 , 118092 , 1142
939 , 15310 , 486 , 118080 , 1147
940 , 15287 , 483 , 118073 , 1175
941 , 15280 , 479 , 118053 , 1210
942 , 15254 , 479 , 118079 , 1206
943 , 15259 , 472 , 118093 , 1203
944 , 15257 , 468 , 118102 , 1197
945 , 15274 , 464 , 118091 , 1198
946 , 15237 , 474 , 118128 , 1189
947 , 15261 , 469 , 118107 , 1195
948 , 15229 , 470 , 118120 , 1210
949 , 15201 , 466 , 118151 , 1217
950 , 15199 , 469 , 118180 , 1205
951 , 15188 , 477 , 118222 , 1184
952 , 15204 , 477 , 118225 , 1178
953 , 15202 , 477 , 118237 , 1166
954 , 15219 , 467 , 118249 , 1139
955 , 15234 , 473 , 118246 , 1122
956 , 15247 , 471 , 118240 , 1114
957 , 15281 , 469 , 118216 , 1096
958 , 15281 , 475 , 118201 , 1096
959 , 15303 , 467 , 118194 , 1080
960 , 15320 , 472 , 118167 , 1086
961 , 15335 , 477 , 118149 , 1079
962 , 15334 , 485 , 118139 , 1072
963 , 15358 , 485 , 118115 , 1060
964 , 15366 , 487 , 118087 , 1065
965 , 15386 , 485 , 118066 , 1056
966 , 15378 , 490 , 118048 , 1070
967 , 15383 , 487 , 118038 , 1072
968 , 15390 , 489 , 118014 , 1086
969 , 15404 , 492 , 118019 , 1059
970 , 15405 , 496 , 118025 , 1049
971 , 15428 , 497 , 118015 , 1025
972 , 15441 , 495 , 117984 , 1039
973 , 15453 , 505 , 117982 , 1011
974 , 15479 , 493 , 117963 , 997
975 , 15493 , 494 , 117954 , 988
976 , 15517 , 494 , 117934 , 985
977 , 15519 , 490 , 117908 , 1005
978 , 15517 , 495 , 117894 , 1013
979 , 15501 , 499 , 117899 , 1017
980 , 15525 , 484 , 117856 , 1040
981 , 15525 , 483 , 117839 , 1052
982 , 15534 , 483 , 117820 , 1052
983 , 15539 , 489 , 117831 , 1030
984 , 15552 , 487 , 117836 , 1004
985 , 15558 , 495 , 117853 , 974
986 , 15585 , 493 , 117846 , 957
987 , 15615 , 496 , 117817 , 946
988 , 15618 , 503 , 117803 , 947
989 , 15633 , 504 , 117771 , 946
990 , 15646 , 507 , 117733 , 952
991 , 15642 , 513 , 117694 , 977
992 , 15659 , 510 , 117662 , 984
993 , 15686 , 506 , 117607 , 1008
994 , 15686 , 500 , 117577 , 1019
995 , 15703 , 506 , 117551 , 1015
996 , 15684 , 512 , 117528 , 1036
997 , 15701 , 512 , 117515 , 1019
998 , 15723 , 514 , 117482 , 1022
999 , 15723 , 512 , 117463 , 1022
1000 , 15744 , 513 , 117440 , 1016
1001 , 15768 , 518 , 117418 , 1002
1002 , 15758 , 531 , 117408 , 1007
1003 , 15767 , 529 , 117383 , 1013
1004 , 15810 , 515 , 117334 , 1027
1005 , 15781 , 522 , 117334 , 1031
1006 , 15773 , 516 , 117299 , 1083
1007 , 15762 , 524 , 117272 , 1112
1008 , 15762 , 524 , 117261 , 1121
1009 , 15762 , 531 , 117246 , 1124
1010 , 15774 , 531 , 117221 , 1132
1011 , 15787 , 527 , 117198 , 1139
1012 , 15769 , 520 , 117214 , 1135
1013 , 15779 , 519 , 117231 , 1110
1014 , 15754 , 522 , 117254 , 1105
1015 , 15769 , 520 , 117259 , 1089
1016 , 15765 , 519 , 117280 , 1071
1017 , 15759 , 518 , 117307 , 1051
1018 , 15762 , 511 , 117342 , 1026
1019 , 15762 , 517 , 117342 , 1018
1020 , 15776 , 510 , 117333 , 1026
1021 , 15756 , 520 , 117326 , 1037
1022 , 15763 , 512 , 117313 , 1052
1023 , 15755 , 504 , 117319 , 1061
1024 , 15748 , 508 , 117302 , 1090
1025 , 15732 , 506 , 117308 , 1107
1026 , 15717 , 509 , 117301 , 1131
1027 , 15711 , 500 , 117277 , 1171
1028 , 15673 , 506 , 117274 , 1213
1029 , 15651 , 505 , 117282 , 1238
1030 , 15625 , 509 , 117292 , 1258
1031 , 15607 , 508 , 117310 , 1269
1032 , 15612 , 504 , 117309 , 1269
1033 , 15612 , 502 , 117348 , 1240
1034 , 15603 , 508 , 117371 , 1223
1035 , 15613 , 493 , 117384 , 1212
1036 , 15611 , 495 , 117392 , 1215
1037 , 15612 , 493 , 117395 , 1213
1038 , 15635 , 495 , 117381 , 1202
1039 , 15618 , 500 , 117384 , 1205
1040 , 15627 , 504 , 117394 , 1182
1041 , 15645 , 506 , 117391 , 1159
1042 , 15666 , 513 , 117365 , 1152
1043 , 15665 , 505 , 117366 , 1151
1044 , 15659 , 505 , 117363 , 1155
1045 , 15674 , 495 , 117356 , 1145
1046 , 15659 , 491 , 117343 , 1173
1047 , 15651 , 484 , 117340 , 1194
1048 , 15616 , 493 , 117364 , 1205
1049 , 15639 , 489 , 117390 , 1171
1050 , 15650 , 490 , 117399 , 1151
1051 , 15661 , 481 , 117415 , 1135
1052 , 15657 , 486 , 117444 , 1104
1053 , 15687 , 484 , 117435 , 1093
1054 , 15677 , 488 , 117419 , 1113
1055 , 15696 , 483 , 117396 , 1121
1056 , 15722 , 486 , 117365 , 1117
1057 , 15724 , 488 , 117370 , 1097
1058 , 15734 , 500 , 117378 , 1059
1059 , 15767 , 489 , 117349 , 1055
1060 , 15772 , 494 , 117348 , 1031
1061 , 15802 , 497 , 117315 , 1023
1062 , 15827 , 498 , 117275 , 1028
1063 , 15836 , 499 , 117239 , 1035
1064 , 15853 , 496 , 117214 , 1030
1065 , 15888 , 487 , 117182 , 1021
1066 , 15886 , 495 , 117181 , 1006
1067 , 15910 , 497 , 117159 , 1003
1068 , 15925 , 500 , 117145 , 992
1069 , 15928 , 499 , 117152 , 977
1070 , 15964 , 500 , 117123 , 959
1071 , 15983 , 502 , 117090 , 957
1072 , 16004 , 500 , 117061 , 947
1073 , 16019 , 509 , 117018 , 952
1074 , 16044 , 511 , 116987 , 940
1075 , 16082 , 502 , 116936 , 944
1076 , 16080 , 511 , 116910 , 952
1077 , 16105 , 512 , 116872 , 956
1078 , 16114 , 513 , 116835 , 965
1079 , 16138 , 513 , 116802 , 960
1080 , 16144 , 519 , 116768 , 967
1081 , 16152 , 527 , 116726 , 987
1082 , 16164 , 528 , 116687 , 1006
1083 , 16141 , 526 , 116657 , 1041
1084 , 16173 , 523 , 116595 , 1070
1085 , 16155 , 530 , 116559 , 1111
1086 , 16165 , 520 , 116519 , 1148
1087 , 16148 , 524 , 116505 , 1174
1088 , 16142 , 526 , 116452 , 1234
1089 , 16129 , 514 , 116430 , 1280
1090 , 16117 , 517 , 116408 , 1307
1091 , 16123 , 513 , 116396 , 1318
1092 , 16102 , 517 , 116409 , 1318
1093 , 16083 , 513 , 116417 , 1343
1094 , 16067 , 515 , 116422 , 1350
1095 , 16057 , 509 , 116437 , 1351
1096 , 16034 , 512 , 116469 , 1345
1097 , 16014 , 513 , 116529 , 1307
1098 , 16001 , 507 , 116562 , 1301
1099 , 16000 , 494 , 116582 , 1304
1100 , 16000 , 492 , 116580 , 1309
1101 , 15958 , 497 , 116604 , 1328
1102 , 15972 , 495 , 116601 , 1330
1103 , 15965 , 495 , 116605 , 1334
1104 , 15957 , 498 , 116608 , 1336
1105 , 15965 , 495 , 116627 , 1299
1106 , 15963 , 493 , 116678 , 1252
1107 , 15964 , 483 , 116722 , 1214
1108 , 15979 , 482 , 116725 , 1199
1109 , 15981 , 481 , 116745 , 1178
1110 , 15971 , 484 , 116754 , 1180
1111 , 15977 , 487 , 116741 , 1185
1112 , 15943 , 481 , 116742 , 1216
1113 , 15940 , 482 , 116732 , 1235
1114 , 15907 , 492 , 116748 , 1248
1115 , 15907 , 480 , 116751 , 1270
1116 , 15891 , 482 , 116752 , 1288
1117 , 15881 , 485 , 116756 , 1305
1118 , 15869 , 478 , 116775 , 1321
1119 , 15856 , 484 , 116781 , 1344
1120 , 15824 , 481 , 116809 , 1363
1121 , 15801 , 484 , 116852 , 1361
1122 , 15807 , 489 , 116870 , 1344
1123 , 15806 , 492 , 116896 , 1323
1124 , 15822 , 487 , 116908 , 1296
1125 , 15802 , 492 , 116926 , 1291
1126 , 15851 , 485 , 116950 , 1225
1127 , 15835 , 498 , 116948 , 1235
1128 , 15846 , 485 , 116945 , 1239
1129 , 15843 , 489 , 116942 , 1243
1130 , 15843 , 492 , 116937 , 1252
1131 , 15851 , 494 , 116931 , 1246
1132 , 15857 , 497 , 116931 , 1238
1133 , 15843 , 508 , 116923 , 1249
1134 , 15874 , 504 , 116901 , 1236
1135 , 15913 , 498 , 116882 , 1206
1136 , 15898 , 503 , 116877 , 1215
1137 , 15926 , 500 , 116858 , 1198
1138 , 15915 , 505 , 116857 , 1192
1139 , 15939 , 499 , 116827 , 1194
1140 , 15926 , 501 , 116823 , 1203
1141 , 15911 , 507 , 116797 , 1243
1142 , 15915 , 505 , 116762 , 1276
1143 , 15895 , 498 , 116756 , 1306
1144 , 15873 , 489 , 116769 , 1333
1145 , 15857 , 487 , 116796 , 1335
1146 , 15840 , 482 , 116835 , 1333
1147 , 15826 , 473 , 116862 , 1348
1148 , 15789 , 481 , 116906 , 1345
1149 , 15773 , 480 , 116944 , 1337
1150 , 15772 , 475 , 116998 , 1304
1151 , 15759 , 470 , 117036 , 1305
1152 , 15761 , 472 , 117059 , 1288
1153 , 15766 , 472 , 117105 , 1249
1154 , 15765 , 469 , 117119 , 1251
1155 , 15763 , 470 , 117149 , 1223
1156 , 15751 , 469 , 117185 , 1203
1157 , 15747 , 464 , 117228 , 1185
1158 , 15728 , 465 , 117300 , 1149
1159 , 15726 , 468 , 117343 , 1125
1160 , 15727 , 465 , 117388 , 1086
1161 , 15742 , 465 , 117403 , 1062
1162 , 15738 , 472 , 117413 , 1055
1163 , 15741 , 472 , 117410 , 1049
1164 , 15743 , 474 , 117405 , 1049
1165 , 15766 , 469 , 117388 , 1046
1166 , 15775 , 474 , 117376 , 1042
1167 , 15794 , 470 , 117386 , 1013
1168 , 15784 , 480 , 117380 , 1017
1169 , 15812 , 478 , 117366 , 1003
1170 , 15818 , 480 , 117360 , 994
1171 , 15813 , 479 , 117360 , 988
1172 , 15840 , 476 , 117324 , 996
1173 , 15845 , 482 , 117310 , 994
1174 , 15868 , 485 , 117285 , 986
1175 , 15881 , 489 , 117256 , 991
1176 , 15907 , 484 , 117218 , 999
1177 , 15904 , 491 , 117181 , 1019
1178 , 15912 , 490 , 117144 , 1039
1179 , 15922 , 494 , 117111 , 1056
1180 , 15933 , 492 , 117081 , 1074
1181 , 15922 , 502 , 117064 , 1084
1182 , 15943 , 500 , 117039 , 1075
1183 , 15930 , 508 , 117021 , 1091
1184 , 15953 , 508 , 117003 , 1080
1185 , 15972 , 517 , 116969 , 1072
1186 , 15999 , 505 , 116942 , 1076
1187 , 16001 , 515 , 116938 , 1059
1188 , 16029 , 510 , 116910 , 1046
1189 , 16042 , 518 , 116875 , 1050
1190 , 16061 , 517 , 116848 , 1043
1191 , 16078 , 525 , 116815 , 1035
1192 , 16116 , 519 , 116771 , 1034
1193 , 16108 , 527 , 116766 , 1028
1194 , 16140 , 521 , 116706 , 1050
1195 , 16120 , 522 , 116684 , 1075
1196 , 16124 , 529 , 116665 , 1081
1197 , 16148 , 519 , 116655 , 1059
1198 , 16140 , 516 , 116631 , 1089
1199 , 16126 , 515 , 116617 , 1106
1200 , 16121 , 524 , 116589 , 1130
1201 , 16140 , 514 , 116560 , 1146
1202 , 16135 , 518 , 116563 , 1142
1203 , 16137 , 519 , 116550 , 1145
1204 , 16139 , 517 , 116531 , 1146
1205 , 16135 , 517 , 116523 , 1151
1206 , 16157 , 508 , 116494 , 1159
1207 , 16143 , 514 , 116469 , 1174
1208 , 16167 , 506 , 116422 , 1195
1209 , 16164 , 497 , 116401 , 1209
1210 , 16160 , 502 , 116391 , 1213
1211 , 16180 , 502 , 116385 , 1197
1212 , 16173 , 512 , 116375 , 1212
1213 , 16177 , 516 , 116337 , 1231
1214 , 16200 , 505 , 116314 , 1235
1215 , 16180 , 519 , 116310 , 1238
1216 , 16225 , 511 , 116288 , 1218
1217 , 16247 , 508 , 116259 , 1212
1218 , 16256 , 508 , 116247 , 1209
1219 , 16257 , 517 , 116218 , 1222
1220 , 16264 , 492 , 116205 , 1236
1221 , 16255 , 497 , 116203 , 1244
1222 , 16234 , 495 , 116247 , 1225
1223 , 16219 , 487 , 116272 , 1249
1224 , 16175 , 481 , 116302 , 1270
1225 , 16132 , 476 , 116342 , 1291
1226 , 16105 , 475 , 116382 , 1303
1227 , 16074 , 483 , 116428 , 1304
1228 , 16052 , 470 , 116490 , 1287
1229 , 16028 , 470 , 116558 , 1264
1230 , 16009 , 464 , 116605 , 1258
1231 , 16000 , 467 , 116645 , 1251
1232 , 15998 , 465 , 116673 , 1247
1233 , 15983 , 469 , 116692 , 1244
1234 , 15971 , 467 , 116736 , 1222
1235 , 15973 , 463 , 116775 , 1191
1236 , 15978 , 456 , 116815 , 1163
1237 , 15978 , 453 , 116830 , 1157
1238 , 15962 , 451 , 116853 , 1167
1239 , 15953 , 454 , 116878 , 1163
1240 , 15940 , 456 , 116918 , 1144
1241 , 15953 , 458 , 116920 , 1143
1242 , 15960 , 456 , 116918 , 1142
1243 , 15964 , 470 , 116918 , 1122
1244 , 15974 , 466 , 116927 , 1106
1245 , 15995 , 468 , 116916 , 1089
1246 , 15997 , 469 , 116913 , 1083
1247 , 16005 , 471 , 116925 , 1060
1248 , 16027 , 468 , 116932 , 1031
1249 , 16053 , 475 , 116940 , 994
1250 , 16064 , 480 , 116943 , 965
1251 , 16093 , 486 , 116912 , 957
1252 , 16099 , 489 , 116901 , 946
1253 , 16141 , 490 , 116852 , 948
1254 , 16144 , 489 , 116818 , 961
1255 , 16153 , 490 , 116800 , 960
1256 , 16167 , 486 , 116775 , 961
1257 , 16199 , 493 , 116730 , 958
1258 , 16219 , 488 , 116698 , 961
1259 , 16231 , 492 , 116661 , 974
1260 , 16243 , 486 , 116632 , 983
1261 , 16270 , 477 , 116615 , 969
1262 , 16270 , 478 , 116601 , 972
1263 , 16290 , 475 , 116569 , 977
1264 , 16309 , 470 , 116547 , 977
1265 , 16315 , 471 , 116526 , 982
1266 , 16315 , 477 , 116492 , 1003
1267 , 16301 , 484 , 116474 , 1021
1268 , 16310 , 472 , 116448 , 1041
1269 , 16305 , 474 , 116439 , 1057
1270 , 16306 , 480 , 116417 , 1076
1271 , 16300 , 473 , 116423 , 1079
1272 , 16298 , 476 , 116447 , 1051
1273 , 16281 , 484 , 116464 , 1046
1274 , 16289 , 478 , 116473 , 1034
1275 , 16288 , 482 , 116491 , 1013
1276 , 16304 , 484 , 116480 , 1005
1277 , 16316 , 487 , 116482 , 976
1278 , 16326 , 493 , 116450 , 982
1279 , 16341 , 496 , 116420 , 991
1280 , 16331 , 499 , 116401 , 1016
1281 , 16342 , 499 , 116379 , 1017
1282 , 16346 , 498 , 116369 , 1014
1283 , 16382 , 497 , 116337 , 1001
1284 , 16382 , 492 , 116321 , 1005
1285 , 16401 , 492 , 116292 , 1008
1286 , 16416 , 493 , 116252 , 1026
1287 , 16401 , 493 , 116244 , 1039
1288 , 16404 , 499 , 116219 , 1056
1289 , 16411 , 495 , 116198 , 1069
1290 , 16424 , 496 , 116198 , 1052
1291 , 16436 , 501 , 116185 , 1045
1292 , 16441 , 503 , 116160 , 1060
1293 , 16447 , 498 , 116148 , 1069
1294 , 16422 , 502 , 116139 , 1094
1295 , 16442 , 498 , 116129 , 1082
1296 , 16419 , 502 , 116116 , 1102
1297 , 16415 , 502 , 116119 , 1100
1298 , 16414 , 501 , 116087 , 1139
1299 , 16416 , 500 , 116071 , 1151
1300 , 16404 , 504 , 116058 , 1168
1301 , 16395 , 509 , 116050 , 1182
1302 , 16408 , 500 , 116023 , 1196
1303 , 16395 , 502 , 116019 , 1210
1304 , 16399 , 497 , 116007 , 1219
1305 , 16383 , 498 , 116011 , 1224
1306 , 16369 , 494 , 116037 , 1216
1307 , 16358 , 499 , 116062 , 1205
1308 , 16382 , 501 , 116065 , 1180
1309 , 16381 , 507 , 116079 , 1151
1310 , 16396 , 498 , 116095 , 1121
1311 , 16400 , 500 , 116108 , 1105
1312 , 16412 , 488 , 116117 , 1102
1313 , 16417 , 487 , 116121 , 1093
1314 , 16406 , 485 , 116133 , 1084
1315 , 16406 , 491 , 116160 , 1056
1316 , 16427 , 480 , 116163 , 1041
1317 , 16430 , 478 , 116186 , 1022
1318 , 16439 , 478 , 116168 , 1035
1319 , 16431 , 476 , 116179 , 1033
1320 , 16433 , 478 , 116194 , 1012
1321 , 16447 , 476 , 116189 , 1004
1322 , 16439 , 473 , 116198 , 1006
1323 , 16445 , 473 , 116189 , 1008
1324 , 16436 , 479 , 116187 , 1012
1325 , 16426 , 479 , 116177 , 1031
1326 , 16397 , 485 , 116165 , 1067
1327 , 16398 , 477 , 116163 , 1077
1328 , 16388 , 475 , 116169 , 1085
1329 , 16380 , 476 , 116178 , 1083
1330 , 16378 , 479 , 116186 , 1082
1331 , 16362 , 479 , 116212 , 1072
1332 , 16385 , 480 , 116223 , 1043
1333 , 16392 , 484 , 116218 , 1041
1334 , 16408 , 485 , 116214 , 1026
1335 , 16407 , 496 , 116207 , 1022
1336 , 16424 , 494 , 116190 , 1017
1337 , 16440 , 494 , 116172 , 1013
1338 , 16450 , 491 , 116159 , 1013
1339 , 16463 , 493 , 116133 , 1020
1340 , 16464 , 486 , 116128 , 1030
1341 , 16474 , 487 , 116119 , 1028
1342 , 16488 , 489 , 116106 , 1027
1343 , 16482 , 490 , 116101 , 1030
1344 , 16488 , 495 , 116086 , 1036
1345 , 16464 , 500 , 116086 , 1067
1346 , 16482 , 490 , 116070 , 1067
1347 , 16488 , 489 , 116054 , 1078
1348 , 16482 , 487 , 116040 , 1104
1349 , 16475 , 490 , 116009 , 1142
1350 , 16452 , 496 , 115991 , 1177
1351 , 16450 , 491 , 115970 , 1214
1352 , 16434 , 495 , 115980 , 1220
1353 , 16435 , 494 , 115972 , 1231
1354 , 16414 , 493 , 115974 , 1249
1355 , 16379 , 497 , 116003 , 1255
1356 , 16368 , 490 , 116006 , 1276
1357 , 16352 , 492 , 116080 , 1217
1358 , 16334 , 491 , 116135 , 1196
1359 , 16333 , 487 , 116168 , 1182
1360 , 16329 , 483 , 116193 , 1173
1361 , 16286 , 489 , 116257 , 1165
1362 , 16292 , 487 , 116301 , 1131
1363 , 16284 , 488 , 116312 , 1135
1364 , 16259 , 484 , 116336 , 1145
1365 , 16237 , 487 , 116382 , 1132
1366 , 16245 , 489 , 116393 , 1119
1367 , 16236 , 488 , 116419 , 1113
1368 , 16224 , 491 , 116432 , 1121
1369 , 16220 , 488 , 116450 , 1111
1370 , 16226 , 485 , 116479 , 1088
1371 , 16227 , 490 , 116496 , 1071
1372 , 16246 , 483 , 116510 , 1054
1373 , 16219 , 486 , 116524 , 1077
1374 , 16224 , 496 , 116530 , 1072
1375 , 16230 , 492 , 116537 , 1061
1376 , 16245 , 489 , 116559 , 1034
1377 , 16256 , 492 , 116559 , 1024
1378 , 16261 , 492 , 116559 , 1018
1379 , 16273 , 493 , 116567 , 994
1380 , 16291 , 494 , 116568 , 973
1381 , 16284 , 491 , 116573 , 973
1382 , 16294 , 494 , 116570 , 972
1383 , 16299 , 493 , 116552 , 980
1384 , 16288 , 505 , 116555 , 981
1385 , 16312 , 501 , 116512 , 1001
1386 , 16312 , 504 , 116494 , 1009
1387 , 16285 , 510 , 116501 , 1015
1388 , 16315 , 505 , 116474 , 1012
1389 , 16314 , 504 , 116468 , 1006
1390 , 16326 , 510 , 116451 , 1001
1391 , 16334 , 506 , 116416 , 1017
1392 , 16343 , 509 , 116370 , 1036
1393 , 16319 , 513 , 116353 , 1064
1394 , 16317 , 504 , 116330 , 1094
1395 , 16281 , 514 , 116339 , 1110
1396 , 16294 , 500 , 116335 , 1107
1397 , 16277 , 494 , 116345 , 1117
1398 , 16277 , 493 , 116374 , 1093
1399 , 16259 , 498 , 116400 , 1082
1400 , 16275 , 486 , 116409 , 1071
1401 , 16257 , 487 , 116440 , 1059
1402 , 16272 , 485 , 116433 , 1059
1403 , 16267 , 486 , 116424 , 1073
1404 , 16269 , 482 , 116404 , 1094
1405 , 16275 , 476 , 116393 , 1103
1406 , 16267 , 472 , 116402 , 1099
1407 , 16243 , 478 , 116406 , 1116
1408 , 16237 , 477 , 116405 , 1130
1409 , 16210 , 486 , 116422 , 1137
1410 , 16189 , 481 , 116453 , 1142
1411 , 16186 , 480 , 116467 , 1144
1412 , 16168 , 482 , 116486 , 1155
1413 , 16174 , 477 , 116497 , 1151
1414 , 16147 , 480 , 116528 , 1143
1415 , 16162 , 469 , 116575 , 1094
1416 , 16142 , 475 , 116642 , 1058
1417 , 16151 , 473 , 116666 , 1032
1418 , 16142 , 479 , 116702 , 1003
1419 , 16157 , 476 , 116695 , 1002
1420 , 16164 , 473 , 116681 , 1015
1421 , 16152 , 476 , 116672 , 1035
1422 , 16164 , 477 , 116655 , 1041
1423 , 16148 , 479 , 116647 , 1065
1424 , 16148 , 476 , 116641 , 1077
1425 , 16143 , 473 , 116649 , 1074
1426 , 16140 , 471 , 116651 , 1076
1427 , 16133 , 475 , 116647 , 1085
1428 , 16119 , 480 , 116672 , 1073
1429 , 16119 , 481 , 116661 , 1085
1430 , 16118 , 475 , 116668 , 1083
1431 , 16112 , 477 , 116670 , 1090
1432 , 16088 , 480 , 116701 , 1082
1433 , 16081 , 481 , 116710 , 1092
1434 , 16097 , 477 , 116728 , 1074
1435 , 16099 , 475 , 116733 , 1077
1436 , 16095 , 474 , 116727 , 1088
1437 , 16063 , 482 , 116743 , 1105
1438 , 16058 , 476 , 116746 , 1114
1439 , 16051 , 482 , 116762 , 1108
1440 , 16057 , 475 , 116760 , 1113
1441 , 16051 , 477 , 116781 , 1101
1442 , 16065 , 472 , 116807 , 1072
1443 , 16041 , 480 , 116817 , 1085
1444 , 16051 , 473 , 116822 , 1084
1445 , 16035 , 477 , 116833 , 1094
1446 , 16037 , 475 , 116850 , 1072
1447 , 16016 , 477 , 116869 , 1081
1448 , 16018 , 474 , 116878 , 1073
1449 , 15992 , 480 , 116892 , 1081
1450 , 15985 , 476 , 116922 , 1071
1451 , 15988 , 473 , 116915 , 1080
1452 , 16005 , 463 , 116910 , 1071
1453 , 15986 , 465 , 116920 , 1078
1454 , 15982 , 456 , 116948 , 1064
1455 , 15986 , 458 , 116965 , 1042
1456 , 16005 , 458 , 116962 , 1035
1457 , 15990 , 455 , 116975 , 1033
1458 , 15989 , 451 , 116977 , 1044
1459 , 15983 , 452 , 116984 , 1046
1460 , 15995 , 448 , 116988 , 1041
1461 , 15979 , 453 , 117003 , 1038
1462 , 15980 , 450 , 117008 , 1045
1463 , 15988 , 454 , 117005 , 1036
1464 , 15967 , 460 , 117014 , 1044
1465 , 15966 , 458 , 117014 , 1048
1466 , 15987 , 458 , 117014 , 1026
1467 , 15977 , 462 , 117027 , 1018
1468 , 15975 , 461 , 117051 , 1000
1469 , 15982 , 455 , 117043 , 1014
1470 , 15979 , 464 , 117059 , 990
1471 , 15984 , 459 , 117061 , 994
1472 , 15988 , 464 , 117056 , 999
1473 , 16000 , 463 , 117049 , 997
1474 , 16001 , 463 , 117041 , 1003
1475 , 16014 , 459 , 117029 , 999
1476 , 16011 , 461 , 117015 , 1013
1477 , 16022 , 462 , 117004 , 1008
1478 , 16031 , 464 , 117003 , 1001
1479 , 16034 , 469 , 116996 , 1005
1480 , 16049 , 476 , 116985 , 998
1481 , 16048 , 480 , 116978 , 1000
1482 , 16048 , 479 , 116965 , 1012
1483 , 16070 , 480 , 116951 , 998
1484 , 16086 , 480 , 116937 , 987
1485 , 16083 , 487 , 116955 , 958
1486 , 16111 , 485 , 116936 , 949
1487 , 16115 , 484 , 116922 , 952
1488 , 16096 , 484 , 116909 , 983
1489 , 16091 , 492 , 116880 , 1008
1490 , 16083 , 486 , 116860 , 1042
1491 , 16071 , 484 , 116858 , 1053
1492 , 16067 , 484 , 116855 , 1067
1493 , 16058 , 491 , 116847 , 1081
1494 , 16023 , 491 , 116860 , 1102
1495 , 16019 , 492 , 116874 , 1092
1496 , 16013 , 496 , 116879 , 1092
1497 , 16012 , 499 , 116881 , 1090
1498 , 16018 , 495 , 116901 , 1081
1499 , 16034 , 487 , 116920 , 1056
1500 , 16032 , 492 , 116946 , 1042
1501 , 16047 , 493 , 116951 , 1022
1502 , 16077 , 491 , 116952 , 992
1503 , 16078 , 512 , 116930 , 994
1504 , 16104 , 499 , 116914 , 986
1505 , 16093 , 505 , 116902 , 1006
1506 , 16123 , 509 , 116874 , 1008
1507 , 16098 , 518 , 116866 , 1031
1508 , 16143 , 513 , 116832 , 1031
1509 , 16145 , 507 , 116805 , 1054
1510 , 16147 , 513 , 116793 , 1049
1511 , 16170 , 511 , 116784 , 1035
1512 , 16190 , 516 , 116757 , 1030
1513 , 16199 , 518 , 116734 , 1030
1514 , 16217 , 530 , 116709 , 1019
1515 , 16237 , 539 , 116668 , 1032
1516 , 16271 , 539 , 116626 , 1025
1517 , 16262 , 535 , 116605 , 1032
1518 , 16285 , 539 , 116587 , 1008
1519 , 16311 , 541 , 116557 , 990
1520 , 16354 , 535 , 116551 , 943
1521 , 16381 , 535 , 116499 , 950
1522 , 16386 , 540 , 116457 , 965
1523 , 16400 , 532 , 116412 , 991
1524 , 16404 , 527 , 116396 , 1008
1525 , 16391 , 526 , 116386 , 1025
1526 , 16399 , 530 , 116378 , 1023
1527 , 16426 , 521 , 116360 , 1012
1528 , 16420 , 528 , 116357 , 1018
1529 , 16447 , 515 , 116318 , 1034
1530 , 16441 , 529 , 116287 , 1055
1531 , 16472 , 528 , 116260 , 1044
1532 , 16479 , 528 , 116254 , 1025
1533 , 16506 , 521 , 116233 , 1006
1534 , 16492 , 536 , 116216 , 1010
1535 , 16497 , 537 , 116193 , 1015
1536 , 16524 , 529 , 116158 , 1020
1537 , 16517 , 530 , 116141 , 1043
1538 , 16512 , 527 , 116112 , 1082
1539 , 16469 , 518 , 116094 , 1144
1540 , 16449 , 516 , 116082 , 1188
1541 , 16424 , 511 , 116117 , 1196
1542 , 16436 , 510 , 116126 , 1200
1543 , 16411 , 519 , 116142 , 1209
1544 , 16424 , 513 , 116154 , 1198
1545 , 16414 , 514 , 116187 , 1182
1546 , 16415 , 522 , 116178 , 1192
1547 , 16425 , 517 , 116172 , 1194
1548 , 16431 , 523 , 116184 , 1171
1549 , 16427 , 520 , 116201 , 1152
1550 , 16443 , 516 , 116207 , 1143
1551 , 16421 , 527 , 116238 , 1123
1552 , 16463 , 529 , 116228 , 1101
1553 , 16439 , 544 , 116241 , 1089
1554 , 16468 , 538 , 116217 , 1083
1555 , 16490 , 547 , 116180 , 1079
1556 , 16500 , 547 , 116153 , 1083
1557 , 16492 , 545 , 116139 , 1100
1558 , 16474 , 553 , 116110 , 1134
1559 , 16488 , 547 , 116064 , 1163
1560 , 16454 , 562 , 116058 , 1181
1561 , 16476 , 554 , 116046 , 1179
1562 , 16441 , 572 , 116058 , 1187
1563 , 16425 , 576 , 116063 , 1201
1564 , 16450 , 565 , 116089 , 1163
1565 , 16456 , 557 , 116093 , 1143
1566 , 16437 , 549 , 116136 , 1117
1567 , 16446 , 553 , 116132 , 1113
1568 , 16437 , 558 , 116118 , 1125
1569 , 16429 , 557 , 116106 , 1146
1570 , 16431 , 556 , 116085 , 1163
1571 , 16424 , 559 , 116075 , 1191
1572 , 16425 , 564 , 116077 , 1183
1573 , 16427 , 566 , 116052 , 1202
1574 , 16439 , 574 , 116033 , 1204
1575 , 16471 , 578 , 116002 , 1194
1576 , 16504 , 566 , 115990 , 1171
1577 , 16510 , 565 , 115971 , 1181
1578 , 16512 , 580 , 115962 , 1168
1579 , 16551 , 581 , 115914 , 1160
1580 , 16567 , 581 , 115883 , 1153
1581 , 16599 , 572 , 115844 , 1168
1582 , 16596 , 577 , 115793 , 1214
1583 , 16627 , 568 , 115750 , 1214
1584 , 16606 , 581 , 115726 , 1237
1585 , 16654 , 567 , 115667 , 1248
1586 , 16619 , 592 , 115640 , 1275
1587 , 16650 , 580 , 115589 , 1291
1588 , 16668 , 579 , 115560 , 1291
1589 , 16672 , 584 , 115531 , 1316
1590 , 16673 , 594 , 115499 , 1333
1591 , 16709 , 594 , 115456 , 1349
1592 , 16719 , 603 , 115426 , 1353
1593 , 16721 , 608 , 115399 , 1355
1594 , 16715 , 606 , 115386 , 1362
1595 , 16721 , 605 , 115354 , 1378
1596 , 16720 , 615 , 115348 , 1371
1597 , 16715 , 612 , 115304 , 1414
1598 , 16728 , 607 , 115260 , 1444
1599 , 16666 , 604 , 115251 , 1495
1600 , 16641 , 590 , 115253 , 1534
1601 , 16577 , 595 , 115275 , 1585
1602 , 16562 , 589 , 115337 , 1566
1603 , 16528 , 594 , 115361 , 1603
1604 , 16485 , 599 , 115422 , 1597
1605 , 16488 , 588 , 115467 , 1571
1606 , 16512 , 582 , 115471 , 1552
1607 , 16499 , 597 , 115510 , 1515
1608 , 16491 , 592 , 115558 , 1484
1609 , 16500 , 591 , 115594 , 1449
1610 , 16512 , 596 , 115649 , 1389
1611 , 16533 , 582 , 115653 , 1371
1612 , 16532 , 590 , 115676 , 1331
1613 , 16522 , 584 , 115740 , 1293
1614 , 16559 , 567 , 115748 , 1275
1615 , 16545 , 572 , 115815 , 1217
1616 , 16584 , 561 , 115799 , 1206
1617 , 16568 , 566 , 115829 , 1191
1618 , 16616 , 558 , 115820 , 1153
1619 , 16621 , 558 , 115809 , 1152
1620 , 16637 , 558 , 115781 , 1156
1621 , 16632 , 565 , 115762 , 1171
1622 , 16647 , 574 , 115740 , 1165
1623 , 16673 , 579 , 115719 , 1151
1624 , 16727 , 575 , 115710 , 1107
1625 , 16738 , 588 , 115719 , 1059
1626 , 16779 , 594 , 115677 , 1049
1627 , 16828 , 616 , 115653 , 986
1628 , 16896 , 615 , 115570 , 981
1629 , 16953 , 628 , 115500 , 962
1630 , 17025 , 632 , 115374 , 967
1631 , 17114 , 631 , 115243 , 975
1632 , 17141 , 634 , 115153 , 989
1633 , 17166 , 652 , 115071 , 1007
1634 , 17206 , 657 , 114990 , 1011
1635 , 17268 , 644 , 114899 , 1003
1636 , 17299 , 640 , 114817 , 1026
1637 , 17330 , 654 , 114734 , 1051
1638 , 17346 , 670 , 114672 , 1058
1639 , 17343 , 676 , 114585 , 1111
1640 , 17379 , 668 , 114494 , 1157
1641 , 17354 , 664 , 114441 , 1222
1642 , 17344 , 660 , 114359 , 1307
1643 , 17308 , 660 , 114344 , 1351
1644 , 17282 , 666 , 114289 , 1434
1645 , 17269 , 667 , 114249 , 1482
1646 , 17200 , 668 , 114226 , 1572
1647 , 17141 , 670 , 114223 , 1636
1648 , 17174 , 661 , 114163 , 1688
1649 , 17123 , 657 , 114148 , 1754
1650 , 17070 , 660 , 114137 , 1836
1651 , 17084 , 644 , 114131 , 1848
1652 , 17025 , 645 , 114142 , 1908
1653 , 17002 , 644 , 114129 , 1974
1654 , 16956 , 642 , 114164 , 1990
1655 , 16928 , 642 , 114222 , 1967
1656 , 16907 , 652 , 114308 , 1902
1657 , 16929 , 652 , 114389 , 1826
1658 , 16913 , 647 , 114477 , 1757
1659 , 16926 , 653 , 114503 , 1723
1660 , 16946 , 647 , 114560 , 1650
1661 , 16956 , 648 , 114624 , 1587
1662 , 17002 , 649 , 114623 , 1554
1663 , 16994 , 661 , 114654 , 1526
1664 , 16995 , 651 , 114681 , 1489
1665 , 16995 , 648 , 114750 , 1420
1666 , 17001 , 644 , 114757 , 1414
1667 , 16990 , 638 , 114746 , 1446
1668 , 16955 , 635 , 114753 , 1490
1669 , 16947 , 629 , 114736 , 1534
1670 , 16909 , 621 , 114762 , 1563
1671 , 16908 , 627 , 114748 , 1583
1672 , 16890 , 618 , 114762 , 1593
1673 , 16894 , 620 , 114794 , 1568
1674 , 16882 , 626 , 114829 , 1568
1675 , 16937 , 617 , 114793 , 1583
1676 , 16900 , 632 , 114785 , 1603
1677 , 16919 , 627 , 114743 , 1638
1678 , 16920 , 628 , 114709 , 1662
1679 , 16906 , 633 , 114724 , 1646
1680 , 16902 , 631 , 114715 , 1657
1681 , 16921 , 626 , 114749 , 1620
1682 , 16933 , 632 , 114760 , 1586
1683 , 16936 , 633 , 114816 , 1535
1684 , 16957 , 637 , 114796 , 1530
1685 , 16981 , 636 , 114793 , 1499
1686 , 16973 , 628 , 114828 , 1473
1687 , 16983 , 633 , 114805 , 1490
1688 , 17018 , 642 , 114769 , 1484
1689 , 17024 , 661 , 114767 , 1456
1690 , 17066 , 650 , 114712 , 1451
1691 , 17101 , 643 , 114658 , 1470
1692 , 17084 , 674 , 114625 , 1488
1693 , 17176 , 670 , 114570 , 1430
1694 , 17155 , 670 , 114529 , 1461
1695 , 17190 , 660 , 114475 , 1486
1696 , 17163 , 672 , 114418 , 1541
1697 , 17178 , 664 , 114365 , 1586
1698 , 17156 , 679 , 114360 , 1600
1699 , 17144 , 679 , 114360 , 1609
1700 , 17140 , 671 , 114393 , 1567
1701 , 17093 , 673 , 114399 , 1608
1702 , 17058 , 663 , 114437 , 1619
1703 , 17042 , 681 , 114424 , 1652
1704 , 17022 , 669 , 114455 , 1678
1705 , 16972 , 672 , 114499 , 1701
1706 , 16963 , 683 , 114527 , 1699
1707 , 16993 , 675 , 114580 , 1653
1708 , 16982 , 678 , 114625 , 1623
1709 , 16940 , 698 , 114659 , 1623
1710 , 16973 , 678 , 114695 , 1581
1711 , 16962 , 701 , 114707 , 1565
1712 , 17001 , 696 , 114717 , 1535
1713 , 16961 , 706 , 114726 , 1541
1714 , 16992 , 680 , 114742 , 1517
1715 , 17034 , 686 , 114724 , 1474
1716 , 17040 , 677 , 114702 , 1492
1717 , 17034 , 665 , 114710 , 1503
1718 , 17041 , 667 , 114748 , 1458
1719 , 17070 , 666 , 114752 , 1426
1720 , 17100 , 668 , 114752 , 1386
1721 , 17127 , 672 , 114758 , 1331
1722 , 17184 , 670 , 114788 , 1221
1723 , 17234 , 667 , 114752 , 1193
1724 , 17288 , 664 , 114736 , 1147
1725 , 17318 , 674 , 114729 , 1102
1726 , 17355 , 675 , 114698 , 1082
1727 , 17374 , 684 , 114665 , 1065
1728 , 17421 , 678 , 114628 , 1060
1729 , 17422 , 677 , 114552 , 1111
1730 , 17447 , 676 , 114472 , 1155
1731 , 17423 , 677 , 114425 , 1207
1732 , 17402 , 670 , 114392 , 1257
1733 , 17352 , 667 , 114397 , 1313
1734 , 17380 , 651 , 114370 , 1319
1735 , 17329 , 660 , 114414 , 1310
1736 , 17353 , 665 , 114387 , 1312
1737 , 17374 , 646 , 114392 , 1295
1738 , 17382 , 647 , 114359 , 1329
1739 , 17412 , 648 , 114323 , 1333
1740 , 17392 , 665 , 114307 , 1350
1741 , 17397 , 681 , 114261 , 1377
1742 , 17388 , 685 , 114212 , 1424
1743 , 17383 , 676 , 114169 , 1466
1744 , 17350 , 683 , 114163 , 1491
1745 , 17317 , 678 , 114176 , 1518
1746 , 17315 , 669 , 114172 , 1531
1747 , 17318 , 679 , 114180 , 1507
1748 , 17335 , 690 , 114204 , 1452
1749 , 17356 , 705 , 114200 , 1424
1750 , 17405 , 714 , 114178 , 1377
1751 , 17398 , 715 , 114178 , 1372
1752 , 17428 , 709 , 114148 , 1368
1753 , 17467 , 715 , 114098 , 1357
1754 , 17484 , 718 , 114046 , 1354
1755 , 17542 , 719 , 113973 , 1349
1756 , 17538 , 716 , 113916 , 1378
1757 , 17564 , 735 , 113809 , 1426
1758 , 17594 , 725 , 113722 , 1454
1759 , 17613 , 730 , 113621 , 1500
1760 , 17635 , 723 , 113562 , 1529
1761 , 17631 , 735 , 113493 , 1571
1762 , 17648 , 748 , 113407 , 1605
1763 , 17662 , 751 , 113367 , 1608
1764 , 17701 , 733 , 113307 , 1638
1765 , 17660 , 741 , 113327 , 1627
1766 , 17695 , 741 , 113312 , 1610
1767 , 17686 , 731 , 113311 , 1604
1768 , 17710 , 731 , 113353 , 1531
1769 , 17726 , 721 , 113370 , 1509
1770 , 17742 , 736 , 113390 , 1464
1771 , 17753 , 738 , 113390 , 1458
1772 , 17749 , 743 , 113391 , 1448
1773 , 17705 , 736 , 113396 , 1491
1774 , 17690 , 737 , 113423 , 1486
1775 , 17649 , 737 , 113478 , 1472
1776 , 17635 , 725 , 113492 , 1500
1777 , 17584 , 717 , 113475 , 1580
1778 , 17570 , 704 , 113435 , 1653
1779 , 17567 , 716 , 113447 , 1638
1780 , 17526 , 712 , 113490 , 1643
1781 , 17505 , 700 , 113551 , 1620
1782 , 17515 , 702 , 113583 , 1581
1783 , 17451 , 706 , 113646 , 1586
1784 , 17436 , 692 , 113698 , 1583
1785 , 17405 , 683 , 113779 , 1565
1786 , 17396 , 675 , 113857 , 1517
1787 , 17364 , 688 , 113912 , 1508
1788 , 17367 , 692 , 113964 , 1461
1789 , 17405 , 692 , 113948 , 1458
1790 , 17396 , 699 , 113942 , 1466
1791 , 17404 , 678 , 113928 , 1490
1792 , 17410 , 672 , 113906 , 1503
1793 , 17381 , 678 , 113925 , 1497
1794 , 17384 , 686 , 113931 , 1490
1795 , 17388 , 679 , 113915 , 1509
1796 , 17371 , 674 , 113893 , 1545
1797 , 17368 , 669 , 113884 , 1568
1798 , 17309 , 675 , 113898 , 1606
1799 , 17346 , 660 , 113909 , 1583
1800 , 17320 , 668 , 113925 , 1591
1801 , 17347 , 661 , 113923 , 1559
1802 , 17343 , 666 , 113949 , 1547
1803 , 17368 , 669 , 113953 , 1525
1804 , 17398 , 682 , 113933 , 1499
1805 , 17428 , 679 , 113904 , 1475
1806 , 17452 , 686 , 113868 , 1467
1807 , 17469 , 686 , 113829 , 1478
1808 , 17489 , 667 , 113790 , 1501
1809 , 17460 , 675 , 113785 , 1532
1810 , 17463 , 683 , 113768 , 1551
1811 , 17426 , 691 , 113734 , 1627
1812 , 17428 , 688 , 113683 , 1672
1813 , 17372 , 704 , 113674 , 1725
1814 , 17367 , 696 , 113663 , 1757
1815 , 17342 , 706 , 113685 , 1753
1816 , 17384 , 694 , 113656 , 1763
1817 , 17337 , 703 , 113697 , 1748
1818 , 17369 , 693 , 113705 , 1752
1819 , 17382 , 679 , 113743 , 1711
1820 , 17368 , 680 , 113787 , 1692
1821 , 17420 , 678 , 113827 , 1619
1822 , 17437 , 672 , 113882 , 1540
1823 , 17473 , 672 , 113928 , 1469
1824 , 17489 , 682 , 113963 , 1414
1825 , 17502 , 687 , 113956 , 1398
1826 , 17537 , 699 , 113906 , 1392
1827 , 17630 , 692 , 113801 , 1384
1828 , 17594 , 710 , 113745 , 1428
1829 , 17609 , 702 , 113690 , 1449
1830 , 17605 , 710 , 113616 , 1512
1831 , 17562 , 719 , 113534 , 1615
1832 , 17551 , 719 , 113472 , 1689
1833 , 17530 , 712 , 113455 , 1740
1834 , 17520 , 718 , 113376 , 1825
1835 , 17475 , 715 , 113354 , 1893
1836 , 17443 , 725 , 113330 , 1947
1837 , 17422 , 729 , 113307 , 1980
1838 , 17453 , 708 , 113286 , 1979
1839 , 17409 , 714 , 113304 , 1995
1840 , 17415 , 707 , 113311 , 1974
1841 , 17370 , 733 , 113357 , 1952
1842 , 17410 , 719 , 113408 , 1865
1843 , 17405 , 742 , 113436 , 1821
1844 , 17410 , 739 , 113444 , 1812
1845 , 17449 , 720 , 113418 , 1778
1846 , 17448 , 739 , 113442 , 1726
1847 , 17491 , 733 , 113390 , 1728
1848 , 17482 , 727 , 113399 , 1703
1849 , 17489 , 725 , 113385 , 1688
1850 , 17480 , 719 , 113426 , 1652
1851 , 17498 , 699 , 113441 , 1627
1852 , 17504 , 686 , 113480 , 1587
1853 , 17525 , 675 , 113503 , 1552
1854 , 17539 , 678 , 113502 , 1542
1855 , 17565 , 665 , 113512 , 1513
1856 , 17573 , 669 , 113519 , 1497
1857 , 17605 , 661 , 113519 , 1477
1858 , 17602 , 661 , 113519 , 1476
1859 , 17615 , 646 , 113488 , 1501
1860 , 17616 , 645 , 113466 , 1519
1861 , 17613 , 659 , 113471 , 1510
1862 , 17644 , 661 , 113454 , 1494
1863 , 17648 , 657 , 113464 , 1460
1864 , 17657 , 664 , 113466 , 1437
1865 , 17689 , 665 , 113444 , 1424
1866 , 17659 , 669 , 113468 , 1423
1867 , 17667 , 670 , 113493 , 1396
1868 , 17674 , 674 , 113521 , 1363
1869 , 17684 , 684 , 113543 , 1324
1870 , 17714 , 684 , 113571 , 1272
1871 , 17767 , 680 , 113527 , 1260
1872 , 17782 , 694 , 113544 , 1210
1873 , 17821 , 699 , 113484 , 1230
1874 , 17847 , 706 , 113462 , 1198
1875 , 17905 , 702 , 113388 , 1203
1876 , 17895 , 722 , 113354 , 1211
1877 , 17925 , 724 , 113274 , 1234
1878 , 17935 , 735 , 113215 , 1259
1879 , 17930 , 744 , 113168 , 1294
1880 , 17928 , 745 , 113117 , 1326
1881 , 17960 , 734 , 113051 , 1348
1882 , 17959 , 730 , 113000 , 1384
1883 , 17961 , 728 , 112946 , 1424
1884 , 17960 , 730 , 112895 , 1464
1885 , 17998 , 723 , 112828 , 1486
1886 , 17971 , 730 , 112787 , 1534
1887 , 17953 , 747 , 112733 , 1582
1888 , 17955 , 738 , 112659 , 1650
1889 , 17923 , 737 , 112632 , 1710
1890 , 17905 , 743 , 112593 , 1764
1891 , 17883 , 752 , 112533 , 1839
1892 , 17887 , 741 , 112527 , 1852
1893 , 17894 , 731 , 112516 , 1862
1894 , 17875 , 732 , 112515 , 1892
1895 , 17843 , 720 , 112537 , 1909
1896 , 17797 , 708 , 112607 , 1910
1897 , 17709 , 705 , 112694 , 1939
1898 , 17670 , 698 , 112762 , 1947
1899 , 17574 , 694 , 112834 , 1996
1900 , 17486 , 697 , 112940 , 2002
1901 , 17409 , 684 , 113051 , 2006
1902 , 17420 , 663 , 113112 , 1998
1903 , 17367 , 659 , 113210 , 1990
1904 , 17344 , 651 , 113306 , 1949
1905 , 17354 , 648 , 113381 , 1891
1906 , 17340 , 646 , 113476 , 1834
1907 , 17329 , 649 , 113532 , 1801
1908 , 17340 , 661 , 113572 , 1781
1909 , 17406 , 646 , 113568 , 1743
1910 , 17380 , 662 , 113630 , 1688
1911 , 17397 , 649 , 113693 , 1631
1912 , 17422 , 664 , 113707 , 1602
1913 , 17416 , 668 , 113729 , 1597
1914 , 17467 , 661 , 113723 , 1537
1915 , 17484 , 667 , 113727 , 1489
1916 , 17529 , 660 , 113733 , 1451
1917 , 17552 , 667 , 113726 , 1424
1918 , 17582 , 671 , 113740 , 1361
1919 , 17614 , 674 , 113710 , 1371
1920 , 17613 , 693 , 113673 , 1378
1921 , 17625 , 695 , 113610 , 1403
1922 , 17673 , 682 , 113566 , 1392
1923 , 17682 , 703 , 113550 , 1362
1924 , 17738 , 715 , 113494 , 1326
1925 , 17847 , 703 , 113407 , 1271
1926 , 17890 , 707 , 113311 , 1276
1927 , 17873 , 721 , 113297 , 1279
1928 , 17918 , 718 , 113250 , 1264
1929 , 17955 , 726 , 113169 , 1283
1930 , 17986 , 732 , 113107 , 1298
1931 , 18018 , 730 , 113025 , 1338
1932 , 18000 , 737 , 112983 , 1356
1933 , 18035 , 722 , 112936 , 1376
1934 , 18002 , 744 , 112896 , 1419
1935 , 17987 , 745 , 112877 , 1441
1936 , 18015 , 733 , 112808 , 1485
1937 , 17996 , 748 , 112777 , 1508
1938 , 18044 , 747 , 112731 , 1489
1939 , 18018 , 760 , 112705 , 1513
1940 , 18030 , 747 , 112676 , 1518
1941 , 18016 , 759 , 112634 , 1564
1942 , 18000 , 780 , 112603 , 1595
1943 , 17994 , 783 , 112536 , 1667
1944 , 17985 , 787 , 112463 , 1750
1945 , 17956 , 797 , 112444 , 1777
1946 , 17983 , 784 , 112427 , 1764
1947 , 17981 , 776 , 112439 , 1754
1948 , 17976 , 782 , 112437 , 1750
1949 , 18008 , 766 , 112443 , 1713
1950 , 18008 , 759 , 112423 , 1736
1951 , 17985 , 749 , 112418 , 1775
1952 , 17952 , 747 , 112423 , 1793
1953 , 17907 , 748 , 112459 , 1812
1954 , 17875 , 731 , 112455 , 1878
1955 , 17781 , 729 , 112461 , 1973
1956 , 17724 , 726 , 112555 , 1967
1957 , 17699 , 712 , 112610 , 1995
1958 , 17627 , 705 , 112707 , 2012
1959 , 17596 , 697 , 112789 , 2001
1960 , 17589 , 690 , 112888 , 1947
1961 , 17571 , 697 , 113014 , 1848
1962 , 17565 , 700 , 113132 , 1765
1963 , 17515 , 706 , 113243 , 1720
1964 , 17531 , 684 , 113333 , 1659
1965 , 17511 , 700 , 113439 , 1579
1966 , 17520 , 699 , 113521 , 1509
1967 , 17529 , 707 , 113572 , 1449
1968 , 17534 , 698 , 113552 , 1468
1969 , 17527 , 700 , 113570 , 1448
1970 , 17499 , 702 , 113644 , 1398
1971 , 17525 , 684 , 113666 , 1363
1972 , 17513 , 671 , 113690 , 1371
1973 , 17525 , 657 , 113708 , 1356
1974 , 17507 , 649 , 113698 , 1389
1975 , 17521 , 647 , 113700 , 1375
1976 , 17498 , 634 , 113713 , 1393
1977 , 17509 , 621 , 113703 , 1422
1978 , 17450 , 628 , 113725 , 1453
1979 , 17440 , 620 , 113726 , 1484
1980 , 17421 , 609 , 113729 , 1526
1981 , 17411 , 601 , 113749 , 1534
1982 , 17374 , 608 , 113828 , 1505
1983 , 17342 , 615 , 113913 , 1461
1984 , 17361 , 620 , 113952 , 1409
1985 , 17372 , 623 , 113985 , 1377
1986 , 17385 , 621 , 113985 , 1376
1987 , 17378 , 619 , 114001 , 1378
1988 , 17368 , 629 , 113980 , 1400
1989 , 17335 , 637 , 113954 , 1463
1990 , 17341 , 640 , 113908 , 1501
1991 , 17321 , 638 , 113877 , 1552
1992 , 17350 , 630 , 113861 , 1544
1993 , 17346 , 631 , 113830 , 1577
1994 , 17339 , 634 , 113851 , 1551
1995 , 17382 , 632 , 113822 , 1533
1996 , 17414 , 643 , 113811 , 1490
1997 , 17423 , 641 , 113783 , 1497
1998 , 17435 , 634 , 113788 , 1485
1999 , 17425 , 637 , 113780 , 1487
2000 , 17433 , 629 , 113832 , 1435
2001 , 17447 , 641 , 113848 , 1400
2002 , 17476 , 648 , 113839 , 1370
2003 , 17512 , 655 , 113816 , 1334
2004 , 17555 , 651 , 113770 , 1331
2005 , 17604 , 649 , 113703 , 1323
2006 , 17591 , 647 , 113689 , 1339
2007 , 17638 , 655 , 113610 , 1357
2008 , 17618 , 654 , 113594 , 1375
2009 , 17636 , 657 , 113573 , 1379
2010 , 17629 , 649 , 113598 , 1364
2011 , 17622 , 661 , 113563 , 1394
2012 , 17630 , 646 , 113503 , 1453
2013 , 17636 , 660 , 113447 , 1477
2014 , 17630 , 663 , 113410 , 1512
2015 , 17636 , 662 , 113370 , 1529
2016 , 17632 , 670 , 113350 , 1536
2017 , 17658 , 676 , 113301 , 1546
2018 , 17645 , 671 , 113274 , 1568
2019 , 17650 , 684 , 113257 , 1556
2020 , 17680 , 688 , 113215 , 1551
2021 , 17698 , 691 , 113164 , 1566
2022 , 17695 , 689 , 113120 , 1609
2023 , 17718 , 693 , 113041 , 1647
2024 , 17713 , 675 , 112999 , 1683
2025 , 17667 , 685 , 112968 , 1733
2026 , 17660 , 681 , 112934 , 1777
2027 , 17614 , 675 , 112911 , 1853
2028 , 17555 , 686 , 112901 , 1926
2029 , 17537 , 658 , 112922 , 1954
2030 , 17463 , 667 , 112965 , 1999
2031 , 17403 , 658 , 113047 , 2001
2032 , 17353 , 651 , 113139 , 1993
2033 , 17315 , 637 , 113233 , 1986
2034 , 17239 , 650 , 113315 , 2019
2035 , 17190 , 643 , 113414 , 2013
2036 , 17158 , 630 , 113470 , 2050
2037 , 17118 , 622 , 113581 , 2034
2038 , 17100 , 620 , 113708 , 1964
2039 , 17088 , 611 , 113816 , 1889
2040 , 17048 , 621 , 113954 , 1811
2041 , 17068 , 613 , 114058 , 1722
2042 , 17087 , 600 , 114166 , 1620
2043 , 17060 , 609 , 114305 , 1519
2044 , 17100 , 596 , 114365 , 1442
2045 , 17082 , 602 , 114384 , 1442
2046 , 17092 , 590 , 114404 , 1444
2047 , 17067 , 582 , 114459 , 1422
2048 , 17055 , 589 , 114488 , 1422
2049 , 17082 , 576 , 114494 , 1415
2050 , 17072 , 581 , 114513 , 1417
2051 , 17105 , 588 , 114520 , 1389
2052 , 17130 , 596 , 114503 , 1355
2053 , 17175 , 579 , 114480 , 1344
2054 , 17185 , 597 , 114457 , 1332
2055 , 17202 , 601 , 114455 , 1307
2056 , 17227 , 603 , 114442 , 1280
2057 , 17244 , 590 , 114441 , 1267
2058 , 17277 , 591 , 114433 , 1240
2059 , 17298 , 602 , 114389 , 1258
2060 , 17304 , 606 , 114347 , 1276
2061 , 17339 , 612 , 114272 , 1289
2062 , 17375 , 626 , 114216 , 1299
2063 , 17351 , 639 , 114174 , 1334
2064 , 17372 , 643 , 114119 , 1361
2065 , 17351 , 624 , 114094 , 1409
2066 , 17332 , 622 , 114079 , 1440
2067 , 17299 , 631 , 114059 , 1489
2068 , 17270 , 619 , 114054 , 1546
2069 , 17227 , 629 , 114042 , 1594
2070 , 17226 , 629 , 114023 , 1638
2071 , 17183 , 624 , 114037 , 1684
2072 , 17168 , 627 , 114079 , 1667
2073 , 17149 , 626 , 114108 , 1668
2074 , 17126 , 629 , 114128 , 1682
2075 , 17102 , 620 , 114188 , 1670
2076 , 17111 , 629 , 114197 , 1671
2077 , 17115 , 633 , 114222 , 1640
2078 , 17157 , 614 , 114230 , 1604
2079 , 17070 , 628 , 114316 , 1595
2080 , 17064 , 618 , 114335 , 1609
2081 , 17050 , 610 , 114351 , 1618
2082 , 16970 , 609 , 114403 , 1648
2083 , 16973 , 597 , 114433 , 1649
2084 , 16953 , 584 , 114477 , 1641
2085 , 16914 , 590 , 114546 , 1620
2086 , 16931 , 586 , 114609 , 1574
2087 , 16955 , 590 , 114679 , 1475
2088 , 16967 , 586 , 114707 , 1444
2089 , 16971 , 597 , 114731 , 1419
2090 , 17011 , 595 , 114736 , 1367
2091 , 17025 , 598 , 114720 , 1358
2092 , 17032 , 597 , 114711 , 1348
2093 , 17067 , 603 , 114690 , 1326
2094 , 17093 , 606 , 114665 , 1319
2095 , 17097 , 628 , 114639 , 1322
2096 , 17101 , 623 , 114606 , 1351
2097 , 17135 , 605 , 114568 , 1357
2098 , 17128 , 621 , 114548 , 1361
2099 , 17137 , 624 , 114514 , 1374
2100 , 17166 , 606 , 114482 , 1377
2101 , 17181 , 611 , 114489 , 1329
2102 , 17209 , 609 , 114456 , 1332
2103 , 17237 , 596 , 114403 , 1344
2104 , 17235 , 595 , 114364 , 1373
2105 , 17216 , 595 , 114361 , 1390
2106 , 17239 , 593 , 114310 , 1422
2107 , 17248 , 603 , 114265 , 1444
2108 , 17249 , 605 , 114227 , 1470
2109 , 17219 , 616 , 114211 , 1495
2110 , 17253 , 600 , 114212 , 1465
2111 , 17253 , 616 , 114207 , 1458
2112 , 17273 , 617 , 114179 , 1462
2113 , 17261 , 608 , 114178 , 1483
2114 , 17263 , 611 , 114158 , 1495
2115 , 17234 , 615 , 114138 , 1535
2116 , 17224 , 617 , 114126 , 1559
2117 , 17218 , 615 , 114084 , 1602
2118 , 17173 , 612 , 114100 , 1630
2119 , 17134 , 612 , 114120 , 1670
2120 , 17106 , 604 , 114127 , 1705
2121 , 17084 , 607 , 114173 , 1701
2122 , 17043 , 610 , 114221 , 1698
2123 , 17018 , 619 , 114283 , 1661
2124 , 17044 , 617 , 114311 , 1630
2125 , 17026 , 614 , 114347 , 1615
2126 , 17023 , 608 , 114391 , 1591
2127 , 17021 , 610 , 114438 , 1553
2128 , 16981 , 601 , 114515 , 1529
2129 , 16997 , 598 , 114571 , 1486
2130 , 16941 , 596 , 114617 , 1503
2131 , 16936 , 589 , 114624 , 1513
2132 , 16894 , 596 , 114707 , 1485
2133 , 16882 , 598 , 114736 , 1493
2134 , 16909 , 584 , 114768 , 1449
2135 , 16887 , 595 , 114801 , 1428
2136 , 16903 , 585 , 114830 , 1393
2137 , 16896 , 597 , 114813 , 1421
2138 , 16906 , 594 , 114781 , 1457
2139 , 16871 , 606 , 114805 , 1454
2140 , 16853 , 609 , 114801 , 1490
2141 , 16854 , 616 , 114817 , 1487
2142 , 16871 , 601 , 114832 , 1469
2143 , 16865 , 612 , 114854 , 1441
2144 , 16908 , 612 , 114818 , 1427
2145 , 16936 , 612 , 114821 , 1388
2146 , 16942 , 609 , 114822 , 1382
2147 , 16950 , 605 , 114819 , 1374
2148 , 16973 , 612 , 114785 , 1394
2149 , 16969 , 614 , 114766 , 1403
2150 , 16994 , 596 , 114718 , 1425
2151 , 16986 , 607 , 114713 , 1418
2152 , 17030 , 597 , 114653 , 1439
2153 , 17019 , 606 , 114641 , 1446
2154 , 17034 , 602 , 114615 , 1450
2155 , 17092 , 611 , 114562 , 1429
2156 , 17117 , 617 , 114527 , 1409
2157 , 17084 , 628 , 114534 , 1417
2158 , 17156 , 621 , 114542 , 1341
2159 , 17178 , 622 , 114529 , 1316
2160 , 17182 , 619 , 114568 , 1257
2161 , 17204 , 628 , 114537 , 1251
2162 , 17200 , 610 , 114543 , 1242
2163 , 17209 , 609 , 114522 , 1256
2164 , 17233 , 613 , 114470 , 1279
2165 , 17210 , 612 , 114465 , 1297
2166 , 17233 , 601 , 114443 , 1304
2167 , 17225 , 596 , 114420 , 1337
2168 , 17217 , 603 , 114397 , 1365
2169 , 17215 , 598 , 114388 , 1384
2170 , 17202 , 597 , 114382 , 1413
2171 , 17235 , 595 , 114379 , 1397
2172 , 17223 , 622 , 114402 , 1367
2173 , 17248 , 630 , 114362 , 1380
2174 , 17300 , 620 , 114315 , 1366
2175 , 17338 , 617 , 114249 , 1380
2176 , 17313 , 630 , 114233 , 1399
2177 , 17352 , 633 , 114171 , 1405
2178 , 17364 , 637 , 114140 , 1412
2179 , 17357 , 645 , 114127 , 1407
2180 , 17408 , 656 , 114055 , 1428
2181 , 17413 , 649 , 114003 , 1454
2182 , 17431 , 643 , 113961 , 1473
2183 , 17433 , 654 , 113907 , 1504
2184 , 17457 , 661 , 113856 , 1519
2185 , 17447 , 665 , 113826 , 1543
2186 , 17447 , 660 , 113839 , 1513
2187 , 17452 , 669 , 113810 , 1542
2188 , 17474 , 674 , 113786 , 1540
2189 , 17514 , 669 , 113767 , 1513
2190 , 17486 , 696 , 113788 , 1492
2191 , 17546 , 696 , 113725 , 1493
2192 , 17564 , 690 , 113712 , 1476
2193 , 17625 , 691 , 113676 , 1449
2194 , 17634 , 697 , 113678 , 1423
2195 , 17687 , 688 , 113641 , 1405
2196 , 17704 , 693 , 113596 , 1402
2197 , 17709 , 697 , 113556 , 1409
2198 , 17708 , 707 , 113496 , 1453
2199 , 17766 , 696 , 113473 , 1428
2200 , 17801 , 709 , 113429 , 1392
2201 , 17844 , 702 , 113442 , 1314
2202 , 17878 , 708 , 113439 , 1253
2203 , 17930 , 722 , 113395 , 1223
2204 , 17990 , 726 , 113373 , 1157
2205 , 18019 , 720 , 113372 , 1105
2206 , 18081 , 713 , 113282 , 1127
2207 , 18112 , 716 , 113251 , 1096
2208 , 18108 , 720 , 113214 , 1129
2209 , 18080 , 731 , 113205 , 1137
2210 , 18109 , 723 , 113128 , 1185
2211 , 18102 , 718 , 113100 , 1209
2212 , 18122 , 717 , 113082 , 1199
2213 , 18148 , 709 , 113062 , 1183
2214 , 18143 , 708 , 113036 , 1194
2215 , 18164 , 716 , 113018 , 1182
2216 , 18172 , 734 , 112980 , 1184
2217 , 18193 , 711 , 112943 , 1210
2218 , 18142 , 733 , 112922 , 1245
2219 , 18115 , 734 , 112858 , 1324
2220 , 18082 , 729 , 112854 , 1368
2221 , 18107 , 709 , 112818 , 1387
2222 , 18081 , 706 , 112790 , 1441
2223 , 18051 , 703 , 112776 , 1482
2224 , 18021 , 708 , 112778 , 1508
2225 , 17971 , 702 , 112777 , 1569
2226 , 17961 , 709 , 112799 , 1550
2227 , 17916 , 707 , 112810 , 1587
2228 , 17919 , 698 , 112858 , 1545
2229 , 17881 , 705 , 112894 , 1556
2230 , 17877 , 692 , 112918 , 1557
2231 , 17867 , 701 , 112923 , 1546
2232 , 17835 , 692 , 112936 , 1580
2233 , 17810 , 690 , 112934 , 1618
2234 , 17804 , 687 , 112933 , 1643
2235 , 17735 , 703 , 112955 , 1678
2236 , 17712 , 697 , 113009 , 1664
2237 , 17743 , 686 , 113038 , 1620
2238 , 17729 , 685 , 113073 , 1612
2239 , 17740 , 679 , 113098 , 1586
2240 , 17730 , 707 , 113087 , 1588
2241 , 17769 , 688 , 113077 , 1577
2242 , 17721 , 702 , 113078 , 1610
2243 , 17735 , 703 , 113032 , 1641
2244 , 17696 , 691 , 113040 , 1692
2245 , 17665 , 688 , 113048 , 1725
2246 , 17659 , 679 , 113071 , 1726
2247 , 17681 , 673 , 113108 , 1671
2248 , 17680 , 682 , 113141 , 1642
2249 , 17719 , 663 , 113157 , 1607
2250 , 17716 , 671 , 113179 , 1565
2251 , 17757 , 679 , 113151 , 1555
2252 , 17766 , 683 , 113139 , 1541
2253 , 17785 , 683 , 113115 , 1546
2254 , 17795 , 678 , 113102 , 1546
2255 , 17732 , 684 , 113131 , 1585
2256 , 17734 , 671 , 113132 , 1604
2257 , 17703 , 674 , 113168 , 1611
2258 , 17672 , 669 , 113207 , 1640
2259 , 17649 , 681 , 113272 , 1597
2260 , 17669 , 681 , 113301 , 1568
2261 , 17656 , 684 , 113313 , 1563
2262 , 17637 , 686 , 113317 , 1577
2263 , 17607 , 695 , 113316 , 1607
2264 , 17589 , 698 , 113317 , 1620
2265 , 17602 , 696 , 113315 , 1609
2266 , 17544 , 704 , 113355 , 1612
2267 , 17536 , 700 , 113402 , 1576
2268 , 17519 , 703 , 113408 , 1596
2269 , 17526 , 694 , 113405 , 1591
2270 , 17537 , 684 , 113409 , 1594
2271 , 17521 , 681 , 113417 , 1605
2272 , 17525 , 676 , 113430 , 1604
2273 , 17508 , 673 , 113470 , 1588
2274 , 17512 , 660 , 113496 , 1576
2275 , 17518 , 672 , 113497 , 1552
2276 , 17514 , 677 , 113528 , 1527
2277 , 17552 , 664 , 113503 , 1526
2278 , 17548 , 663 , 113511 , 1515
2279 , 17534 , 680 , 113515 , 1521
2280 , 17538 , 673 , 113516 , 1524
2281 , 17521 , 670 , 113549 , 1509
2282 , 17530 , 654 , 113529 , 1547
2283 , 17496 , 659 , 113557 , 1557
2284 , 17487 , 643 , 113560 , 1570
2285 , 17480 , 629 , 113561 , 1603
2286 , 17421 , 633 , 113563 , 1665
2287 , 17429 , 617 , 113539 , 1706
2288 , 17419 , 615 , 113546 , 1718
2289 , 17401 , 622 , 113570 , 1712
2290 , 17389 , 623 , 113612 , 1691
2291 , 17379 , 621 , 113642 , 1673
2292 , 17379 , 615 , 113685 , 1652
2293 , 17358 , 613 , 113726 , 1624
2294 , 17363 , 620 , 113757 , 1595
2295 , 17384 , 623 , 113829 , 1503
2296 , 17415 , 621 , 113833 , 1468
2297 , 17400 , 638 , 113853 , 1455
2298 , 17426 , 635 , 113830 , 1453
2299 , 17394 , 623 , 113845 , 1459
2300 , 17409 , 620 , 113838 , 1471
2301 , 17394 , 612 , 113884 , 1436
2302 , 17384 , 604 , 113912 , 1434
2303 , 17373 , 598 , 113928 , 1443
2304 , 17330 , 607 , 113949 , 1469
2305 , 17320 , 603 , 113987 , 1450
2306 , 17307 , 605 , 113988 , 1471
2307 , 17279 , 608 , 113997 , 1490
2308 , 17289 , 598 , 114027 , 1468
2309 , 17266 , 602 , 114044 , 1477
2310 , 17265 , 606 , 114059 , 1461
2311 , 17271 , 609 , 114087 , 1428
2312 , 17272 , 614 , 114077 , 1435
2313 , 17268 , 620 , 114051 , 1463
2314 , 17281 , 611 , 114007 , 1499
2315 , 17275 , 603 , 113984 , 1528
2316 , 17246 , 613 , 114003 , 1532
2317 , 17252 , 603 , 114012 , 1518
2318 , 17242 , 608 , 114019 , 1516
2319 , 17244 , 616 , 114025 , 1504
2320 , 17251 , 618 , 114047 , 1478
2321 , 17255 , 618 , 114047 , 1475
2322 , 17262 , 613 , 114032 , 1495
2323 , 17246 , 616 , 114026 , 1516
2324 , 17246 , 616 , 114012 , 1541
2325 , 17239 , 616 , 113988 , 1581
2326 , 17189 , 627 , 113981 , 1627
2327 , 17202 , 620 , 113987 , 1619
2328 , 17216 , 618 , 113992 , 1613
2329 , 17199 , 619 , 114035 , 1586
2330 , 17198 , 630 , 114037 , 1583
2331 , 17204 , 618 , 114068 , 1548
2332 , 17167 , 629 , 114119 , 1534
2333 , 17183 , 620 , 114159 , 1489
2334 , 17175 , 629 , 114214 , 1437
2335 , 17182 , 623 , 114231 , 1413
2336 , 17184 , 619 , 114242 , 1404
2337 , 17194 , 609 , 114248 , 1407
2338 , 17139 , 614 , 114249 , 1452
2339 , 17084 , 627 , 114271 , 1478
2340 , 17076 , 623 , 114299 , 1475
2341 , 17074 , 624 , 114314 , 1481
2342 , 17084 , 625 , 114307 , 1490
2343 , 17066 , 619 , 114308 , 1521
2344 , 17028 , 624 , 114327 , 1552
2345 , 17021 , 616 , 114350 , 1559
2346 , 17007 , 614 , 114366 , 1571
2347 , 16967 , 619 , 114393 , 1597
2348 , 16940 , 614 , 114442 , 1595
2349 , 16915 , 620 , 114514 , 1561
2350 , 16923 , 618 , 114570 , 1500
2351 , 16930 , 615 , 114636 , 1426
2352 , 16938 , 613 , 114667 , 1398
2353 , 16932 , 618 , 114685 , 1392
2354 , 16934 , 622 , 114702 , 1373
2355 , 16940 , 618 , 114706 , 1373
2356 , 16924 , 626 , 114695 , 1401
2357 , 16950 , 623 , 114692 , 1378
2358 , 16933 , 643 , 114672 , 1403
2359 , 16964 , 643 , 114621 , 1407
2360 , 16982 , 651 , 114552 , 1443
2361 , 17002 , 665 , 114476 , 1478
2362 , 17033 , 661 , 114423 , 1486
2363 , 17045 , 658 , 114388 , 1497
2364 , 17096 , 661 , 114330 , 1495
2365 , 17083 , 674 , 114278 , 1527
2366 , 17113 , 667 , 114238 , 1530
2367 , 17114 , 655 , 114203 , 1555
2368 , 17124 , 646 , 114158 , 1579
2369 , 17118 , 648 , 114111 , 1641
2370 , 17112 , 649 , 114110 , 1624
2371 , 17119 , 643 , 114092 , 1644
2372 , 17118 , 653 , 114121 , 1601
2373 , 17170 , 657 , 114133 , 1547
2374 , 17167 , 668 , 114147 , 1526
2375 , 17205 , 680 , 114148 , 1471
2376 , 17229 , 692 , 114153 , 1413
2377 , 17300 , 680 , 114120 , 1368
2378 , 17293 , 692 , 114093 , 1358
2379 , 17310 , 700 , 114018 , 1409
2380 , 17339 , 693 , 113939 , 1448
2381 , 17355 , 692 , 113853 , 1506
2382 , 17324 , 711 , 113798 , 1552
2383 , 17358 , 697 , 113705 , 1618
2384 , 17321 , 703 , 113678 , 1652
2385 , 17386 , 692 , 113610 , 1657
2386 , 17371 , 684 , 113607 , 1654
2387 , 17403 , 666 , 113559 , 1677
2388 , 17408 , 663 , 113519 , 1704
2389 , 17388 , 662 , 113519 , 1720
2390 , 17365 , 665 , 113524 , 1740
2391 , 17344 , 668 , 113512 , 1770
2392 , 17340 , 659 , 113531 , 1764
2393 , 17347 , 646 , 113537 , 1761
2394 , 17330 , 648 , 113551 , 1758
2395 , 17320 , 645 , 113624 , 1690
2396 , 17363 , 645 , 113641 , 1634
2397 , 17363 , 641 , 113667 , 1601
2398 , 17374 , 653 , 113665 , 1598
2399 , 17418 , 638 , 113646 , 1567
2400 , 17402 , 648 , 113655 , 1555
2401 , 17458 , 630 , 113660 , 1505
2402 , 17473 , 642 , 113668 , 1470
2403 , 17495 , 628 , 113658 , 1456
2404 , 17486 , 631 , 113668 , 1451
2405 , 17518 , 618 , 113641 , 1452
2406 , 17515 , 624 , 113672 , 1413
2407 , 17530 , 606 , 113655 , 1439
2408 , 17515 , 617 , 113633 , 1474
2409 , 17516 , 615 , 113609 , 1503
2410 , 17482 , 614 , 113609 , 1537
2411 , 17458 , 611 , 113647 , 1540
2412 , 17453 , 613 , 113655 , 1542
2413 , 17416 , 620 , 113682 , 1555
2414 , 17427 , 610 , 113665 , 1577
2415 , 17406 , 610 , 113679 , 1593
2416 , 17400 , 597 , 113711 , 1590
2417 , 17390 , 610 , 113720 , 1586
2418 , 17399 , 605 , 113759 , 1546
2419 , 17384 , 612 , 113806 , 1519
2420 , 17396 , 619 , 113839 , 1471
2421 , 17404 , 634 , 113867 , 1427
2422 , 17449 , 623 , 113861 , 1392
2423 , 17453 , 618 , 113860 , 1390
2424 , 17411 , 628 , 113876 , 1406
2425 , 17433 , 626 , 113897 , 1361
2426 , 17439 , 627 , 113909 , 1342
2427 , 17449 , 637 , 113912 , 1331
2428 , 17450 , 635 , 113914 , 1323
2429 , 17449 , 640 , 113895 , 1341
2430 , 17415 , 642 , 113869 , 1394
2431 , 17427 , 631 , 113827 , 1436
2432 , 17390 , 643 , 113802 , 1483
2433 , 17373 , 637 , 113780 , 1531
2434 , 17371 , 633 , 113756 , 1567
2435 , 17343 , 636 , 113762 , 1581
2436 , 17337 , 641 , 113768 , 1582
2437 , 17343 , 635 , 113771 , 1591
2438 , 17330 , 634 , 113801 , 1576
2439 , 17331 , 647 , 113829 , 1542
2440 , 17315 , 634 , 113875 , 1526
2441 , 17299 , 628 , 113901 , 1518
2442 , 17314 , 621 , 113915 , 1502
2443 , 17265 , 629 , 113905 , 1554
2444 , 17273 , 609 , 113902 , 1573
2445 , 17270 , 609 , 113916 , 1577
2446 , 17238 , 612 , 113924 , 1606
2447 , 17201 , 603 , 113951 , 1633
2448 , 17184 , 607 , 113974 , 1636
2449 , 17166 , 604 , 113993 , 1642
2450 , 17132 , 610 , 114023 , 1660
2451 , 17089 , 605 , 114095 , 1653
2452 , 17106 , 583 , 114154 , 1627
2453 , 17071 , 594 , 114225 , 1603
2454 , 17050 , 592 , 114278 , 1580
2455 , 17050 , 588 , 114315 , 1559
2456 , 17074 , 587 , 114335 , 1531
2457 , 17035 , 594 , 114374 , 1538
2458 , 17056 , 578 , 114403 , 1517
2459 , 17039 , 582 , 114447 , 1490
2460 , 17033 , 578 , 114480 , 1481
2461 , 17058 , 572 , 114517 , 1430
2462 , 17105 , 570 , 114526 , 1373
2463 , 17114 , 580 , 114526 , 1340
2464 , 17155 , 581 , 114517 , 1300
2465 , 17173 , 583 , 114512 , 1263
2466 , 17173 , 591 , 114504 , 1257
2467 , 17215 , 584 , 114480 , 1239
2468 , 17260 , 584 , 114404 , 1263
2469 , 17235 , 597 , 114364 , 1302
2470 , 17264 , 588 , 114316 , 1323
2471 , 17234 , 592 , 114280 , 1371
2472 , 17259 , 593 , 114249 , 1386
2473 , 17255 , 592 , 114223 , 1406
2474 , 17271 , 597 , 114175 , 1424
2475 , 17284 , 611 , 114131 , 1427
2476 , 17292 , 611 , 114087 , 1439
2477 , 17349 , 604 , 114040 , 1420
2478 , 17346 , 616 , 114015 , 1422
2479 , 17364 , 624 , 113975 , 1435
2480 , 17373 , 617 , 113952 , 1455
2481 , 17336 , 632 , 113953 , 1469
2482 , 17385 , 627 , 113904 , 1479
2483 , 17368 , 631 , 113898 , 1494
2484 , 17374 , 633 , 113901 , 1483
2485 , 17377 , 627 , 113876 , 1511
2486 , 17378 , 624 , 113831 , 1551
2487 , 17345 , 628 , 113794 , 1614
2488 , 17307 , 615 , 113774 , 1690
2489 , 17255 , 620 , 113779 , 1739
2490 , 17243 , 611 , 113787 , 1759
2491 , 17198 , 610 , 113816 , 1797
2492 , 17207 , 601 , 113831 , 1796
2493 , 17160 , 594 , 113881 , 1822
2494 , 17157 , 589 , 113896 , 1833
2495 , 17113 , 597 , 113950 , 1822
2496 , 17107 , 578 , 114005 , 1803
2497 , 17071 , 577 , 114080 , 1780
2498 , 17064 , 571 , 114130 , 1766
2499 , 17041 , 579 , 114151 , 1781
2500 , 17041 , 568 , 114184 , 1766
2501 , 16998 , 586 , 114222 , 1772
2502 , 17010 , 583 , 114235 , 1772
2503 , 16976 , 589 , 114278 , 1772
2504 , 16971 , 576 , 114349 , 1736
2505 , 16969 , 571 , 114416 , 1690
2506 , 16958 , 584 , 114510 , 1623
2507 , 16971 , 582 , 114574 , 1561
2508 , 17017 , 576 , 114589 , 1500
2509 , 17004 , 575 , 114634 , 1471
2510 , 17006 , 568 , 114641 , 1467
2511 , 16985 , 576 , 114637 , 1491
2512 , 16999 , 575 , 114655 , 1466
2513 , 17001 , 579 , 114706 , 1410
2514 , 17035 , 584 , 114684 , 1417
2515 , 17002 , 598 , 114667 , 1444
2516 , 17016 , 596 , 114630 , 1467
2517 , 16990 , 605 , 114632 , 1472
2518 , 17025 , 603 , 114610 , 1460
2519 , 17031 , 593 , 114604 , 1464
2520 , 17011 , 592 , 114600 , 1496
2521 , 17032 , 574 , 114574 , 1520
2522 , 16987 , 576 , 114585 , 1550
2523 , 16967 , 567 , 114575 , 1593
2524 , 16931 , 554 , 114597 , 1639
2525 , 16883 , 547 , 114645 , 1660
2526 , 16869 , 547 , 114679 , 1661
2527 , 16830 , 548 , 114735 , 1663
2528 , 16828 , 527 , 114754 , 1677
2529 , 16765 , 531 , 114803 , 1708
2530 , 16744 , 529 , 114843 , 1718
2531 , 16718 , 527 , 114898 , 1705
2532 , 16734 , 527 , 114930 , 1655
2533 , 16715 , 533 , 114985 , 1610
2534 , 16730 , 533 , 115012 , 1572
2535 , 16715 , 528 , 115030 , 1578
2536 , 16709 , 528 , 115057 , 1570
2537 , 16682 , 540 , 115054 , 1603
2538 , 16696 , 532 , 115087 , 1577
2539 , 16667 , 546 , 115161 , 1531
2540 , 16714 , 543 , 115175 , 1489
2541 , 16687 , 536 , 115232 , 1471
2542 , 16730 , 541 , 115244 , 1427
2543 , 16724 , 559 , 115231 , 1431
2544 , 16750 , 553 , 115189 , 1444
2545 , 16764 , 550 , 115165 , 1452
2546 , 16756 , 559 , 115147 , 1465
2547 , 16766 , 552 , 115113 , 1491
2548 , 16722 , 561 , 115135 , 1503
2549 , 16770 , 553 , 115101 , 1496
2550 , 16744 , 550 , 115105 , 1509
2551 , 16726 , 556 , 115082 , 1554
2552 , 16749 , 551 , 115068 , 1557
2553 , 16698 , 560 , 115078 , 1584
2554 , 16731 , 549 , 115086 , 1560
2555 , 16721 , 548 , 115110 , 1529
2556 , 16709 , 550 , 115160 , 1497
2557 , 16713 , 563 , 115188 , 1465
2558 , 16753 , 557 , 115199 , 1409
2559 , 16751 , 558 , 115214 , 1377
2560 , 16774 , 547 , 115245 , 1344
2561 , 16793 , 553 , 115258 , 1292
2562 , 16815 , 541 , 115245 , 1291
2563 , 16826 , 554 , 115232 , 1278
2564 , 16864 , 542 , 115216 , 1264
2565 , 16891 , 547 , 115185 , 1257
2566 , 16901 , 546 , 115159 , 1266
2567 , 16894 , 550 , 115141 , 1289
2568 , 16863 , 556 , 115133 , 1327
2569 , 16862 , 559 , 115135 , 1336
2570 , 16856 , 560 , 115138 , 1336
2571 , 16858 , 555 , 115162 , 1316
2572 , 16837 , 579 , 115171 , 1317
2573 , 16861 , 570 , 115148 , 1321
2574 , 16837 , 576 , 115138 , 1340
2575 , 16863 , 581 , 115115 , 1338
2576 , 16836 , 577 , 115120 , 1347
2577 , 16851 , 582 , 115104 , 1355
2578 , 16856 , 588 , 115080 , 1361
2579 , 16890 , 575 , 115038 , 1377
2580 , 16859 , 574 , 115023 , 1409
2581 , 16875 , 579 , 114989 , 1427
2582 , 16892 , 574 , 114946 , 1439
2583 , 16887 , 584 , 114925 , 1463
2584 , 16905 , 575 , 114873 , 1504
2585 , 16883 , 580 , 114861 , 1539
2586 , 16889 , 579 , 114828 , 1565
2587 , 16875 , 577 , 114818 , 1593
2588 , 16871 , 573 , 114830 , 1598
2589 , 16884 , 576 , 114819 , 1603
2590 , 16892 , 578 , 114825 , 1594
2591 , 16912 , 577 , 114880 , 1515
2592 , 16899 , 587 , 114933 , 1460
2593 , 16893 , 589 , 114964 , 1435
2594 , 16908 , 592 , 114940 , 1460
2595 , 16934 , 591 , 114915 , 1443
2596 , 16922 , 601 , 114922 , 1440
2597 , 16965 , 600 , 114900 , 1423
2598 , 16979 , 597 , 114880 , 1413
2599 , 16956 , 613 , 114844 , 1454
2600 , 16990 , 603 , 114772 , 1495
2601 , 16932 , 610 , 114775 , 1528
2602 , 16958 , 599 , 114755 , 1533
2603 , 16923 , 599 , 114742 , 1573
2604 , 16920 , 598 , 114730 , 1590
2605 , 16895 , 584 , 114735 , 1623
2606 , 16887 , 582 , 114740 , 1630
2607 , 16845 , 590 , 114759 , 1653
2608 , 16869 , 576 , 114736 , 1679
2609 , 16815 , 575 , 114766 , 1702
2610 , 16803 , 572 , 114798 , 1709
2611 , 16785 , 567 , 114837 , 1702
2612 , 16769 , 555 , 114900 , 1670
2613 , 16757 , 550 , 114960 , 1645
2614 , 16776 , 551 , 115036 , 1557
2615 , 16770 , 563 , 115097 , 1510
2616 , 16804 , 563 , 115121 , 1449
2617 , 16813 , 564 , 115147 , 1412
2618 , 16852 , 579 , 115157 , 1348
2619 , 16896 , 582 , 115138 , 1307
2620 , 16954 , 581 , 115112 , 1260
2621 , 16985 , 587 , 115071 , 1254
2622 , 17015 , 580 , 115032 , 1250
2623 , 17050 , 584 , 115004 , 1232
2624 , 17103 , 580 , 114955 , 1207
2625 , 17135 , 573 , 114918 , 1204
2626 , 17136 , 581 , 114877 , 1220
2627 , 17175 , 587 , 114817 , 1228
2628 , 17195 , 583 , 114784 , 1221
2629 , 17268 , 571 , 114703 , 1228
2630 , 17256 , 578 , 114669 , 1241
2631 , 17297 , 590 , 114610 , 1238
2632 , 17308 , 592 , 114577 , 1241
2633 , 17296 , 602 , 114542 , 1269
2634 , 17344 , 590 , 114475 , 1281
2635 , 17328 , 602 , 114436 , 1311
2636 , 17341 , 597 , 114395 , 1335
2637 , 17316 , 595 , 114367 , 1383
2638 , 17327 , 590 , 114322 , 1421
2639 , 17282 , 601 , 114338 , 1448
2640 , 17282 , 593 , 114338 , 1456
2641 , 17262 , 593 , 114297 , 1511
2642 , 17201 , 598 , 114289 , 1571
2643 , 17150 , 601 , 114323 , 1593
2644 , 17115 , 612 , 114348 , 1615
2645 , 17071 , 611 , 114409 , 1610
2646 , 17051 , 604 , 114441 , 1614
2647 , 17015 , 590 , 114500 , 1633
2648 , 16992 , 588 , 114503 , 1674
2649 , 16928 , 589 , 114551 , 1697
2650 , 16908 , 595 , 114593 , 1689
2651 , 16919 , 582 , 114572 , 1715
2652 , 16880 , 575 , 114592 , 1738
2653 , 16851 , 565 , 114611 , 1758
2654 , 16832 , 560 , 114621 , 1796
2655 , 16781 , 567 , 114688 , 1776
2656 , 16711 , 570 , 114826 , 1731
2657 , 16713 , 569 , 114899 , 1684
2658 , 16682 , 576 , 114977 , 1665
2659 , 16675 , 571 , 115073 , 1630
2660 , 16642 , 582 , 115143 , 1609
2661 , 16578 , 579 , 115235 , 1603
2662 , 16617 , 562 , 115308 , 1532
2663 , 16574 , 588 , 115338 , 1549
2664 , 16584 , 582 , 115338 , 1548
2665 , 16537 , 589 , 115377 , 1549
2666 , 16581 , 577 , 115381 , 1518
2667 , 16546 , 590 , 115383 , 1542
2668 , 16565 , 581 , 115379 , 1543
2669 , 16535 , 598 , 115359 , 1579
2670 , 16548 , 588 , 115339 , 1602
2671 , 16571 , 588 , 115276 , 1645
2672 , 16549 , 589 , 115262 , 1674
2673 , 16545 , 590 , 115223 , 1729
2674 , 16583 , 599 , 115191 , 1715
2675 , 16612 , 602 , 115171 , 1695
2676 , 16608 , 623 , 115170 , 1672
2677 , 16634 , 617 , 115167 , 1635
2678 , 16683 , 610 , 115148 , 1592
2679 , 16705 , 608 , 115130 , 1573
2680 , 16688 , 635 , 115141 , 1546
2681 , 16715 , 633 , 115140 , 1512
2682 , 16702 , 629 , 115148 , 1500
2683 , 16729 , 638 , 115147 , 1465
2684 , 16742 , 633 , 115146 , 1451
2685 , 16749 , 629 , 115145 , 1456
2686 , 16746 , 628 , 115157 , 1451
2687 , 16772 , 623 , 115156 , 1433
2688 , 16761 , 629 , 115170 , 1428
2689 , 16776 , 628 , 115143 , 1447
2690 , 16776 , 633 , 115120 , 1461
2691 , 16776 , 630 , 115072 , 1498
2692 , 16762 , 611 , 115065 , 1522
2693 , 16741 , 615 , 115084 , 1525
2694 , 16725 , 611 , 115095 , 1538
2695 , 16722 , 606 , 115104 , 1534
2696 , 16734 , 612 , 115138 , 1484
2697 , 16751 , 608 , 115182 , 1435
2698 , 16768 , 594 , 115230 , 1393
2699 , 16770 , 598 , 115232 , 1384
2700 , 16765 , 604 , 115224 , 1399
2701 , 16791 , 615 , 115191 , 1400
2702 , 16834 , 616 , 115129 , 1403
2703 , 16858 , 608 , 115108 , 1394
2704 , 16852 , 615 , 115115 , 1376
2705 , 16881 , 612 , 115087 , 1371
2706 , 16911 , 614 , 115053 , 1359
2707 , 16925 , 618 , 115051 , 1337
2708 , 16988 , 606 , 115029 , 1297
2709 , 17006 , 601 , 115005 , 1295
2710 , 17034 , 603 , 114983 , 1269
2711 , 17069 , 599 , 114948 , 1261
2712 , 17068 , 619 , 114908 , 1276
2713 , 17105 , 621 , 114840 , 1288
2714 , 17074 , 627 , 114807 , 1331
2715 , 17069 , 622 , 114773 , 1365
2716 , 17076 , 606 , 114756 , 1396
2717 , 17075 , 598 , 114759 , 1400
2718 , 17054 , 591 , 114761 , 1434
2719 , 17016 , 597 , 114751 , 1479
2720 , 16998 , 597 , 114765 , 1484
2721 , 17012 , 590 , 114771 , 1467
2722 , 17018 , 582 , 114800 , 1440
2723 , 17016 , 584 , 114828 , 1417
2724 , 17048 , 579 , 114835 , 1380
2725 , 17030 , 588 , 114815 , 1407
2726 , 17001 , 586 , 114851 , 1394
2727 , 17016 , 580 , 114887 , 1365
2728 , 17011 , 578 , 114927 , 1345
2729 , 17015 , 579 , 114929 , 1339
2730 , 17008 , 578 , 114951 , 1319
2731 , 17015 , 582 , 114957 , 1293
2732 , 17004 , 587 , 114931 , 1325
2733 , 17003 , 584 , 114889 , 1377
2734 , 16996 , 589 , 114840 , 1420
2735 , 16953 , 595 , 114853 , 1442
2736 , 16951 , 595 , 114849 , 1446
2737 , 16925 , 600 , 114854 , 1475
2738 , 16909 , 592 , 114885 , 1467
2739 , 16896 , 591 , 114875 , 1512
2740 , 16860 , 604 , 114870 , 1549
2741 , 16846 , 584 , 114939 , 1518
2742 , 16814 , 572 , 115002 , 1514
2743 , 16775 , 570 , 115056 , 1524
2744 , 16758 , 590 , 115094 , 1523
2745 , 16729 , 589 , 115126 , 1531
2746 , 16725 , 584 , 115125 , 1534
2747 , 16690 , 583 , 115135 , 1563
2748 , 16660 , 581 , 115141 , 1600
2749 , 16639 , 582 , 115167 , 1610
2750 , 16639 , 575 , 115147 , 1645
2751 , 16615 , 582 , 115164 , 1651
2752 , 16603 , 580 , 115236 , 1606
2753 , 16569 , 580 , 115242 , 1660
2754 , 16578 , 559 , 115220 , 1703
2755 , 16516 , 564 , 115255 , 1741
2756 , 16491 , 569 , 115264 , 1780
2757 , 16458 , 562 , 115304 , 1780
2758 , 16495 , 548 , 115317 , 1758
2759 , 16441 , 556 , 115389 , 1738
2760 , 16434 , 561 , 115456 , 1697
2761 , 16414 , 557 , 115506 , 1678
2762 , 16411 , 552 , 115542 , 1667
2763 , 16373 , 563 , 115566 , 1687
2764 , 16364 , 554 , 115603 , 1684
2765 , 16370 , 554 , 115609 , 1679
2766 , 16326 , 564 , 115652 , 1674
2767 , 16354 , 567 , 115647 , 1649
2768 , 16390 , 566 , 115623 , 1636
2769 , 16408 , 567 , 115614 , 1614
2770 , 16424 , 556 , 115595 , 1630
2771 , 16455 , 549 , 115598 , 1606
2772 , 16491 , 550 , 115581 , 1577
2773 , 16504 , 557 , 115562 , 1568
2774 , 16535 , 573 , 115525 , 1547
2775 , 16581 , 574 , 115482 , 1523
2776 , 16637 , 582 , 115437 , 1487
2777 , 16658 , 587 , 115392 , 1477
2778 , 16704 , 592 , 115339 , 1461
2779 , 16725 , 608 , 115276 , 1481
2780 , 16781 , 604 , 115216 , 1479
2781 , 16812 , 615 , 115126 , 1505
2782 , 16818 , 632 , 115067 , 1520
2783 , 16860 , 616 , 114998 , 1532
2784 , 16887 , 611 , 114987 , 1503
2785 , 16909 , 611 , 114914 , 1534
2786 , 16891 , 619 , 114863 , 1577
2787 , 16945 , 617 , 114794 , 1578
2788 , 16940 , 630 , 114756 , 1604
2789 , 16952 , 632 , 114710 , 1624
2790 , 16964 , 632 , 114691 , 1614
2791 , 16990 , 632 , 114641 , 1615
2792 , 17032 , 632 , 114584 , 1614
2793 , 16996 , 636 , 114564 , 1637
2794 , 17050 , 619 , 114523 , 1630
2795 , 17062 , 621 , 114502 , 1614
2796 , 17060 , 623 , 114498 , 1612
2797 , 17082 , 620 , 114496 , 1597
2798 , 17079 , 611 , 114487 , 1599
2799 , 17042 , 635 , 114496 , 1602
2800 , 17078 , 628 , 114481 , 1595
2801 , 17079 , 632 , 114490 , 1583
2802 , 17107 , 640 , 114469 , 1565
2803 , 17148 , 647 , 114475 , 1504
2804 , 17129 , 645 , 114490 , 1484
2805 , 17173 , 634 , 114421 , 1516
2806 , 17173 , 627 , 114375 , 1547
2807 , 17197 , 630 , 114320 , 1568
2808 , 17173 , 638 , 114319 , 1577
2809 , 17202 , 645 , 114268 , 1594
2810 , 17202 , 646 , 114261 , 1582
2811 , 17244 , 652 , 114228 , 1564
2812 , 17248 , 667 , 114170 , 1584
2813 , 17274 , 665 , 114099 , 1612
2814 , 17257 , 672 , 114043 , 1664
2815 , 17258 , 669 , 114011 , 1694
2816 , 17257 , 665 , 113984 , 1724
2817 , 17247 , 667 , 113977 , 1738
2818 , 17251 , 666 , 113934 , 1783
2819 , 17217 , 672 , 113968 , 1774
2820 , 17222 , 665 , 113964 , 1783
2821 , 17208 , 669 , 113983 , 1775
2822 , 17207 , 658 , 113994 , 1775
2823 , 17194 , 660 , 114011 , 1765
2824 , 17171 , 661 , 114030 , 1764
2825 , 17174 , 656 , 114044 , 1751
2826 , 17129 , 656 , 114083 , 1764
2827 , 17101 , 653 , 114127 , 1767
2828 , 17088 , 640 , 114148 , 1776
2829 , 17072 , 639 , 114166 , 1790
2830 , 17025 , 649 , 114184 , 1816
2831 , 17003 , 652 , 114196 , 1838
2832 , 16957 , 655 , 114212 , 1887
2833 , 16963 , 647 , 114218 , 1887
2834 , 16957 , 644 , 114242 , 1895
2835 , 16921 , 644 , 114276 , 1902
2836 , 16895 , 654 , 114256 , 1965
2837 , 16889 , 658 , 114278 , 1967
2838 , 16881 , 661 , 114322 , 1933
2839 , 16886 , 658 , 114321 , 1956
2840 , 16880 , 651 , 114353 , 1938
2841 , 16878 , 666 , 114363 , 1917
2842 , 16849 , 667 , 114393 , 1925
2843 , 16890 , 665 , 114408 , 1879
2844 , 16916 , 657 , 114409 , 1857
2845 , 16868 , 659 , 114456 , 1842
2846 , 16900 , 651 , 114481 , 1802
2847 , 16894 , 646 , 114544 , 1748
2848 , 16880 , 652 , 114641 , 1659
2849 , 16907 , 648 , 114730 , 1565
2850 , 16866 , 664 , 114801 , 1529
2851 , 16899 , 671 , 114837 , 1471
2852 , 16916 , 662 , 114835 , 1457
2853 , 16932 , 658 , 114805 , 1457
2854 , 16968 , 648 , 114749 , 1475
2855 , 16943 , 663 , 114723 , 1503
2856 , 16918 , 659 , 114723 , 1537
2857 , 16943 , 632 , 114699 , 1567
2858 , 16891 , 650 , 114715 , 1588
2859 , 16916 , 633 , 114685 , 1625
2860 , 16913 , 644 , 114689 , 1625
2861 , 16886 , 655 , 114702 , 1632
2862 , 16874 , 659 , 114728 , 1621
2863 , 16911 , 658 , 114757 , 1561
2864 , 16910 , 668 , 114796 , 1491
2865 , 16964 , 663 , 114782 , 1451
2866 , 16959 , 650 , 114775 , 1465
2867 , 16920 , 656 , 114775 , 1494
2868 , 16903 , 655 , 114747 , 1549
2869 , 16876 , 643 , 114733 , 1605
2870 , 16846 , 637 , 114694 , 1710
2871 , 16783 , 638 , 114697 , 1788
2872 , 16746 , 617 , 114698 , 1858
2873 , 16693 , 621 , 114700 , 1924
2874 , 16616 , 614 , 114762 , 1963
2875 , 16584 , 612 , 114798 , 2012
2876 , 16541 , 608 , 114892 , 1985
2877 , 16490 , 624 , 114965 , 1972
2878 , 16478 , 619 , 115049 , 1921
2879 , 16436 , 615 , 115145 , 1880
2880 , 16458 , 587 , 115226 , 1811
2881 , 16444 , 590 , 115318 , 1755
2882 , 16471 , 593 , 115378 , 1697
2883 , 16502 , 588 , 115414 , 1651
2884 , 16480 , 601 , 115517 , 1565
2885 , 16522 , 596 , 115536 , 1518
2886 , 16558 , 592 , 115549 , 1464
2887 , 16548 , 616 , 115582 , 1426
2888 , 16607 , 601 , 115582 , 1374
2889 , 16637 , 611 , 115564 , 1340
2890 , 16677 , 602 , 115517 , 1332
2891 , 16669 , 616 , 115471 , 1356
2892 , 16719 , 604 , 115387 , 1379
2893 , 16696 , 627 , 115332 , 1419
2894 , 16704 , 617 , 115291 , 1448
2895 , 16704 , 613 , 115245 , 1474
2896 , 16678 , 619 , 115213 , 1518
2897 , 16660 , 605 , 115216 , 1539
2898 , 16635 , 613 , 115202 , 1580
2899 , 16680 , 609 , 115172 , 1578
2900 , 16626 , 625 , 115177 , 1599
2901 , 16655 , 611 , 115135 , 1613
2902 , 16665 , 608 , 115114 , 1621
2903 , 16661 , 613 , 115119 , 1609
2904 , 16661 , 609 , 115119 , 1607
2905 , 16655 , 634 , 115149 , 1564
2906 , 16685 , 644 , 115132 , 1545
2907 , 16678 , 635 , 115130 , 1556
2908 , 16713 , 644 , 115063 , 1578
2909 , 16753 , 652 , 115006 , 1580
2910 , 16768 , 658 , 114970 , 1602
2911 , 16778 , 668 , 114945 , 1600
2912 , 16796 , 666 , 114929 , 1591
2913 , 16822 , 673 , 114899 , 1581
2914 , 16828 , 688 , 114881 , 1572
2915 , 16856 , 677 , 114850 , 1581
2916 , 16830 , 692 , 114850 , 1584
2917 , 16869 , 690 , 114801 , 1573
2918 , 16862 , 686 , 114779 , 1584
2919 , 16869 , 658 , 114764 , 1602
2920 , 16791 , 653 , 114822 , 1623
2921 , 16790 , 651 , 114894 , 1585
2922 , 16788 , 663 , 114905 , 1586
2923 , 16770 , 659 , 114933 , 1588
2924 , 16808 , 652 , 114892 , 1618
2925 , 16809 , 670 , 114866 , 1601
2926 , 16829 , 651 , 114857 , 1598
2927 , 16842 , 667 , 114807 , 1611
2928 , 16869 , 659 , 114698 , 1687
2929 , 16823 , 665 , 114688 , 1720
2930 , 16849 , 650 , 114663 , 1732
2931 , 16863 , 638 , 114661 , 1699
2932 , 16862 , 637 , 114645 , 1722
2933 , 16816 , 641 , 114646 , 1766
2934 , 16812 , 648 , 114636 , 1775
2935 , 16800 , 637 , 114694 , 1738
2936 , 16802 , 632 , 114752 , 1708
2937 , 16803 , 631 , 114760 , 1709
2938 , 16809 , 638 , 114736 , 1726
2939 , 16808 , 653 , 114739 , 1707
2940 , 16847 , 634 , 114696 , 1713
2941 , 16839 , 652 , 114649 , 1732
2942 , 16860 , 639 , 114572 , 1800
2943 , 16797 , 648 , 114557 , 1867
2944 , 16847 , 628 , 114541 , 1855
2945 , 16830 , 627 , 114541 , 1874
2946 , 16866 , 641 , 114533 , 1852
2947 , 16836 , 634 , 114570 , 1859
2948 , 16836 , 642 , 114562 , 1862
2949 , 16824 , 645 , 114572 , 1864
2950 , 16824 , 647 , 114623 , 1805
2951 , 16849 , 651 , 114666 , 1721
2952 , 16855 , 666 , 114684 , 1687
2953 , 16904 , 651 , 114632 , 1691
2954 , 16867 , 664 , 114621 , 1717
2955 , 16886 , 652 , 114589 , 1725
2956 , 16857 , 664 , 114601 , 1723
2957 , 16825 , 656 , 114594 , 1763
2958 , 16812 , 655 , 114608 , 1766
2959 , 16830 , 633 , 114605 , 1775
2960 , 16789 , 645 , 114616 , 1808
2961 , 16733 , 636 , 114664 , 1839
2962 , 16702 , 637 , 114683 , 1870
2963 , 16669 , 634 , 114711 , 1886
2964 , 16680 , 643 , 114742 , 1853
2965 , 16647 , 641 , 114814 , 1822
2966 , 16600 , 629 , 114898 , 1804
2967 , 16609 , 615 , 114995 , 1732
2968 , 16612 , 624 , 115061 , 1672
2969 , 16605 , 628 , 115131 , 1616
2970 , 16619 , 618 , 115179 , 1568
2971 , 16638 , 618 , 115211 , 1522
2972 , 16649 , 632 , 115238 , 1482
2973 , 16644 , 646 , 115263 , 1469
2974 , 16653 , 641 , 115251 , 1491
2975 , 16658 , 651 , 115229 , 1489
2976 , 16636 , 656 , 115236 , 1512
2977 , 16662 , 652 , 115206 , 1501
2978 , 16670 , 647 , 115225 , 1462
2979 , 16712 , 661 , 115213 , 1417
2980 , 16756 , 657 , 115183 , 1391
2981 , 16772 , 677 , 115125 , 1398
2982 , 16825 , 667 , 115072 , 1388
2983 , 16826 , 673 , 115020 , 1415
2984 , 16879 , 676 , 114933 , 1434
2985 , 16871 , 676 , 114867 , 1485
2986 , 16895 , 695 , 114789 , 1504
2987 , 16969 , 672 , 114696 , 1510
2988 , 16972 , 683 , 114670 , 1491
2989 , 17079 , 690 , 114597 , 1440
2990 , 17092 , 701 , 114531 , 1446
2991 , 17138 , 698 , 114473 , 1436
2992 , 17184 , 696 , 114413 , 1424
2993 , 17231 , 723 , 114342 , 1398
2994 , 17264 , 741 , 114271 , 1393
2995 , 17339 , 739 , 114157 , 1397
2996 , 17359 , 760 , 114078 , 1412
2997 , 17373 , 762 , 113966 , 1482
2998 , 17324 , 786 , 113882 , 1576
2999 , 17372 , 759 , 113816 , 1613
3000 , 17344 , 765 , 113780 , 1650
3001 , 17387 , 770 , 113692 , 1695
3002 , 17393 , 747 , 113610 , 1775
3003 , 17353 , 745 , 113593 , 1835
3004 , 17314 , 739 , 113569 , 1921
3005 , 17325 , 736 , 113546 , 1971
3006 , 17303 , 729 , 113525 , 2016
3007 , 17220 , 729 , 113563 , 2045
3008 , 17179 , 717 , 113608 , 2065
3009 , 17160 , 696 , 113721 , 2007
3010 , 17070 , 703 , 113808 , 2028
3011 , 17025 , 708 , 113893 , 2018
3012 , 17033 , 681 , 113929 , 2015
3013 , 16984 , 692 , 114020 , 1976
3014 , 17033 , 662 , 114066 , 1911
3015 , 16953 , 664 , 114149 , 1925
3016 , 16851 , 659 , 114238 , 1958
3017 , 16837 , 648 , 114280 , 1960
3018 , 16754 , 623 , 114379 , 1990
3019 , 16733 , 604 , 114446 , 2005
3020 , 16668 , 604 , 114520 , 2026
3021 , 16654 , 579 , 114609 , 2015
3022 , 16601 , 579 , 114672 , 2031
3023 , 16577 , 579 , 114756 , 1999
3024 , 16541 , 591 , 114829 , 1985
3025 , 16525 , 593 , 114924 , 1926
3026 , 16473 , 597 , 114988 , 1930
3027 , 16490 , 591 , 115064 , 1859
3028 , 16476 , 593 , 115183 , 1778
3029 , 16506 , 589 , 115304 , 1651
3030 , 16528 , 595 , 115412 , 1526
3031 , 16557 , 593 , 115489 , 1442
3032 , 16605 , 598 , 115529 , 1342
3033 , 16632 , 608 , 115530 , 1311
3034 , 16640 , 616 , 115548 , 1284
3035 , 16684 , 615 , 115506 , 1284
3036 , 16706 , 636 , 115451 , 1297
3037 , 16743 , 648 , 115343 , 1339
3038 , 16767 , 627 , 115238 , 1398
3039 , 16744 , 627 , 115170 , 1462
3040 , 16742 , 624 , 115128 , 1501
3041 , 16784 , 624 , 115049 , 1533
3042 , 16772 , 640 , 114987 , 1574
3043 , 16816 , 649 , 114932 , 1568
3044 , 16826 , 656 , 114893 , 1582
3045 , 16847 , 660 , 114856 , 1579
3046 , 16902 , 658 , 114779 , 1588
3047 , 16928 , 669 , 114704 , 1602
3048 , 16924 , 681 , 114664 , 1625
3049 , 16962 , 671 , 114589 , 1654
3050 , 16947 , 673 , 114541 , 1693
3051 , 16958 , 664 , 114528 , 1687
3052 , 16953 , 660 , 114551 , 1674
3053 , 16984 , 655 , 114535 , 1650
3054 , 16996 , 654 , 114546 , 1617
3055 , 17012 , 654 , 114553 , 1590
3056 , 17002 , 665 , 114547 , 1584
3057 , 17085 , 649 , 114505 , 1552
3058 , 17074 , 659 , 114494 , 1541
3059 , 17098 , 666 , 114463 , 1537
3060 , 17099 , 664 , 114452 , 1533
3061 , 17096 , 678 , 114433 , 1555
3062 , 17067 , 686 , 114430 , 1586
3063 , 17063 , 690 , 114420 , 1583
3064 , 17070 , 694 , 114396 , 1583
3065 , 17074 , 697 , 114349 , 1613
3066 , 17062 , 698 , 114320 , 1633
3067 , 17085 , 665 , 114298 , 1639
3068 , 17076 , 656 , 114259 , 1689
3069 , 17043 , 636 , 114284 , 1697
3070 , 17005 , 629 , 114304 , 1744
3071 , 16997 , 631 , 114350 , 1731
3072 , 16943 , 636 , 114406 , 1744
3073 , 16981 , 628 , 114374 , 1762
3074 , 16923 , 635 , 114394 , 1794
3075 , 16892 , 630 , 114401 , 1824
3076 , 16914 , 609 , 114406 , 1837
3077 , 16856 , 603 , 114427 , 1885
3078 , 16798 , 596 , 114464 , 1940
3079 , 16780 , 601 , 114490 , 1965
3080 , 16730 , 627 , 114526 , 1982
3081 , 16719 , 617 , 114578 , 1956
3082 , 16765 , 609 , 114555 , 1943
3083 , 16749 , 608 , 114594 , 1917
3084 , 16773 , 604 , 114626 , 1874
3085 , 16788 , 592 , 114641 , 1871
3086 , 16733 , 600 , 114706 , 1881
3087 , 16778 , 592 , 114705 , 1847
3088 , 16788 , 600 , 114735 , 1794
3089 , 16796 , 583 , 114755 , 1781
3090 , 16807 , 589 , 114782 , 1755
3091 , 16818 , 594 , 114794 , 1741
3092 , 16835 , 588 , 114779 , 1737
3093 , 16827 , 588 , 114842 , 1677
3094 , 16875 , 603 , 114896 , 1576
3095 , 16912 , 617 , 114922 , 1500
3096 , 16932 , 616 , 114896 , 1495
3097 , 16965 , 606 , 114858 , 1491
3098 , 16930 , 627 , 114864 , 1491
3099 , 16968 , 629 , 114810 , 1510
3100 , 16936 , 626 , 114826 , 1506
3101 , 16974 , 627 , 114805 , 1484
3102 , 16960 , 625 , 114846 , 1446
3103 , 16980 , 624 , 114835 , 1444
3104 , 16991 , 634 , 114811 , 1457
3105 , 16963 , 632 , 114804 , 1482
3106 , 16981 , 617 , 114800 , 1492
3107 , 16951 , 629 , 114810 , 1501
3108 , 16939 , 632 , 114805 , 1523
3109 , 16957 , 631 , 114774 , 1529
3110 , 16977 , 631 , 114775 , 1492
3111 , 16985 , 635 , 114780 , 1466
3112 , 16977 , 634 , 114749 , 1494
3113 , 16960 , 624 , 114739 , 1538
3114 , 16956 , 620 , 114712 , 1587
3115 , 16975 , 613 , 114661 , 1627
3116 , 16915 , 619 , 114665 , 1675
3117 , 16942 , 613 , 114647 , 1677
3118 , 16934 , 600 , 114642 , 1697
3119 , 16902 , 588 , 114711 , 1683
3120 , 16844 , 598 , 114787 , 1679
3121 , 16840 , 591 , 114848 , 1637
3122 , 16815 , 588 , 114891 , 1645
3123 , 16814 , 592 , 114935 , 1616
3124 , 16794 , 597 , 114980 , 1594
3125 , 16847 , 585 , 115004 , 1536
3126 , 16834 , 599 , 115030 , 1516
3127 , 16902 , 587 , 115004 , 1488
3128 , 16907 , 584 , 115024 , 1453
3129 , 16902 , 576 , 115028 , 1462
3130 , 16867 , 583 , 115046 , 1476
3131 , 16869 , 579 , 115042 , 1483
3132 , 16852 , 592 , 115022 , 1512
3133 , 16868 , 593 , 114974 , 1542
3134 , 16891 , 599 , 114927 , 1565
3135 , 16895 , 607 , 114882 , 1589
3136 , 16902 , 609 , 114869 , 1576
3137 , 16904 , 606 , 114906 , 1531
3138 , 16927 , 614 , 114933 , 1472
3139 , 16942 , 616 , 114967 , 1430
3140 , 16978 , 614 , 114942 , 1424
3141 , 16991 , 627 , 114939 , 1417
3142 , 17036 , 624 , 114913 , 1392
3143 , 17034 , 647 , 114862 , 1420
3144 , 17080 , 636 , 114830 , 1405
3145 , 17066 , 637 , 114837 , 1402
3146 , 17101 , 628 , 114778 , 1427
3147 , 17097 , 633 , 114707 , 1490
3148 , 17116 , 617 , 114654 , 1521
3149 , 17123 , 618 , 114651 , 1511
3150 , 17143 , 609 , 114630 , 1501
3151 , 17102 , 606 , 114628 , 1550
3152 , 17094 , 609 , 114593 , 1599
3153 , 17070 , 625 , 114582 , 1625
3154 , 17058 , 615 , 114568 , 1655
3155 , 17059 , 611 , 114545 , 1688
3156 , 17066 , 612 , 114536 , 1691
3157 , 17059 , 616 , 114557 , 1688
3158 , 17089 , 613 , 114568 , 1645
3159 , 17088 , 618 , 114616 , 1608
3160 , 17092 , 639 , 114652 , 1546
3161 , 17138 , 650 , 114665 , 1480
3162 , 17165 , 644 , 114696 , 1412
3163 , 17162 , 627 , 114723 , 1377
3164 , 17225 , 642 , 114737 , 1276
3165 , 17258 , 636 , 114736 , 1232
3166 , 17284 , 648 , 114739 , 1184
3167 , 17361 , 648 , 114685 , 1138
3168 , 17352 , 663 , 114639 , 1151
3169 , 17456 , 660 , 114492 , 1184
3170 , 17438 , 673 , 114438 , 1212
3171 , 17497 , 680 , 114328 , 1234
3172 , 17555 , 679 , 114224 , 1248
3173 , 17618 , 690 , 114143 , 1220
3174 , 17649 , 705 , 114068 , 1217
3175 , 17719 , 707 , 113972 , 1222
3176 , 17762 , 704 , 113870 , 1227
3177 , 17804 , 706 , 113805 , 1206
3178 , 17842 , 718 , 113728 , 1193
3179 , 17875 , 734 , 113657 , 1177
3180 , 17968 , 727 , 113548 , 1166
3181 , 18012 , 732 , 113460 , 1168
3182 , 18055 , 737 , 113372 , 1170
3183 , 18090 , 739 , 113267 , 1198
3184 , 18114 , 737 , 113144 , 1257
3185 , 18153 , 749 , 113009 , 1306
3186 , 18162 , 750 , 112898 , 1370
3187 , 18192 , 731 , 112802 , 1414
3188 , 18173 , 765 , 112764 , 1422
3189 , 18220 , 751 , 112694 , 1440
3190 , 18199 , 755 , 112664 , 1464
3191 , 18178 , 756 , 112629 , 1500
3192 , 18180 , 740 , 112604 , 1536
3193 , 18141 , 742 , 112560 , 1603
3194 , 18090 , 734 , 112527 , 1703
3195 , 18018 , 719 , 112529 , 1802
3196 , 17960 , 714 , 112537 , 1872
3197 , 17911 , 706 , 112526 , 1963
3198 , 17840 , 709 , 112523 , 2063
3199 , 17766 , 687 , 112544 , 2158
3200 , 17691 , 684 , 112596 , 2229
3201 , 17631 , 680 , 112646 , 2282
3202 , 17547 , 683 , 112737 , 2314
3203 , 17488 , 678 , 112899 , 2263
3204 , 17411 , 687 , 113055 , 2209
3205 , 17370 , 668 , 113192 , 2166
3206 , 17278 , 672 , 113413 , 2059
3207 , 17274 , 665 , 113528 , 2011
3208 , 17215 , 658 , 113620 , 2017
3209 , 17209 , 644 , 113697 , 1991
3210 , 17136 , 647 , 113781 , 2010
3211 , 17135 , 640 , 113896 , 1925
3212 , 17109 , 656 , 113996 , 1850
3213 , 17107 , 649 , 114054 , 1819
3214 , 17095 , 653 , 114110 , 1777
3215 , 17091 , 654 , 114166 , 1747
3216 , 17092 , 650 , 114215 , 1705
3217 , 17131 , 649 , 114242 , 1650
3218 , 17125 , 649 , 114279 , 1631
3219 , 17079 , 646 , 114359 , 1600
3220 , 17105 , 627 , 114407 , 1547
3221 , 17067 , 631 , 114469 , 1544
3222 , 17058 , 625 , 114490 , 1560
3223 , 17052 , 612 , 114530 , 1537
3224 , 17022 , 619 , 114563 , 1553
3225 , 17006 , 618 , 114572 , 1563
3226 , 16959 , 615 , 114596 , 1607
3227 , 16946 , 617 , 114603 , 1627
3228 , 16951 , 625 , 114580 , 1646
3229 , 16900 , 632 , 114585 , 1685
3230 , 16897 , 615 , 114586 , 1713
3231 , 16863 , 631 , 114624 , 1700
3232 , 16857 , 626 , 114659 , 1683
3233 , 16859 , 625 , 114698 , 1640
3234 , 16862 , 627 , 114727 , 1608
3235 , 16899 , 627 , 114715 , 1584
3236 , 16915 , 631 , 114745 , 1524
3237 , 16945 , 625 , 114741 , 1482
3238 , 17004 , 616 , 114731 , 1430
3239 , 16979 , 623 , 114735 , 1430
3240 , 16981 , 634 , 114714 , 1427
3241 , 16961 , 641 , 114723 , 1420
3242 , 16973 , 640 , 114700 , 1427
3243 , 16968 , 626 , 114690 , 1446
3244 , 16955 , 645 , 114680 , 1458
3245 , 16944 , 643 , 114704 , 1453
3246 , 16971 , 617 , 114701 , 1455
3247 , 16938 , 638 , 114644 , 1516
3248 , 16942 , 633 , 114587 , 1558
3249 , 16908 , 633 , 114559 , 1612
3250 , 16908 , 631 , 114552 , 1630
3251 , 16915 , 635 , 114568 , 1609
3252 , 16926 , 632 , 114581 , 1586
3253 , 16919 , 636 , 114578 , 1605
3254 , 16941 , 624 , 114590 , 1575
3255 , 16955 , 637 , 114574 , 1552
3256 , 16927 , 625 , 114608 , 1547
3257 , 16947 , 606 , 114667 , 1483
3258 , 16884 , 623 , 114703 , 1508
3259 , 16904 , 615 , 114721 , 1490
3260 , 16888 , 623 , 114713 , 1494
3261 , 16908 , 628 , 114715 , 1470
3262 , 16884 , 617 , 114755 , 1455
3263 , 16890 , 600 , 114799 , 1427
3264 , 16882 , 605 , 114808 , 1451
3265 , 16862 , 599 , 114801 , 1506
3266 , 16801 , 598 , 114819 , 1561
3267 , 16793 , 608 , 114823 , 1581
3268 , 16775 , 603 , 114831 , 1604
3269 , 16743 , 608 , 114827 , 1654
3270 , 16745 , 619 , 114837 , 1648
3271 , 16708 , 620 , 114890 , 1646
3272 , 16701 , 610 , 114926 , 1635
3273 , 16701 , 614 , 114935 , 1631
3274 , 16668 , 619 , 114967 , 1638
3275 , 16680 , 586 , 114961 , 1674
3276 , 16621 , 589 , 114955 , 1741
3277 , 16562 , 603 , 115016 , 1758
3278 , 16572 , 600 , 115020 , 1760
3279 , 16532 , 594 , 115056 , 1795
3280 , 16494 , 607 , 115098 , 1798
3281 , 16481 , 611 , 115123 , 1794
3282 , 16457 , 616 , 115152 , 1804
3283 , 16447 , 621 , 115172 , 1802
3284 , 16478 , 607 , 115227 , 1751
3285 , 16461 , 608 , 115280 , 1739
3286 , 16458 , 604 , 115314 , 1725
3287 , 16415 , 604 , 115393 , 1704
3288 , 16415 , 593 , 115454 , 1668
3289 , 16393 , 599 , 115504 , 1653
3290 , 16399 , 594 , 115566 , 1617
3291 , 16396 , 605 , 115610 , 1584
3292 , 16382 , 601 , 115701 , 1542
3293 , 16398 , 590 , 115758 , 1497
3294 , 16412 , 589 , 115779 , 1464
3295 , 16402 , 596 , 115791 , 1456
3296 , 16384 , 602 , 115816 , 1444
3297 , 16409 , 597 , 115803 , 1431
3298 , 16422 , 597 , 115794 , 1414
3299 , 16421 , 595 , 115817 , 1396
3300 , 16443 , 587 , 115848 , 1346
3301 , 16444 , 585 , 115882 , 1310
3302 , 16455 , 585 , 115919 , 1263
3303 , 16499 , 572 , 115923 , 1217
3304 , 16490 , 576 , 115937 , 1198
3305 , 16540 , 562 , 115918 , 1176
3306 , 16522 , 575 , 115911 , 1189
3307 , 16570 , 571 , 115882 , 1188
3308 , 16563 , 562 , 115859 , 1207
3309 , 16555 , 562 , 115856 , 1210
3310 , 16616 , 549 , 115802 , 1211
3311 , 16581 , 572 , 115762 , 1251
3312 , 16595 , 565 , 115715 , 1287
3313 , 16606 , 559 , 115690 , 1290
3314 , 16587 , 561 , 115656 , 1339
3315 , 16611 , 569 , 115615 , 1345
3316 , 16646 , 566 , 115547 , 1364
3317 , 16665 , 567 , 115519 , 1345
3318 , 16649 , 580 , 115542 , 1316
3319 , 16678 , 598 , 115534 , 1273
3320 , 16705 , 597 , 115513 , 1254
3321 , 16720 , 596 , 115488 , 1243
3322 , 16799 , 591 , 115461 , 1195
3323 , 16765 , 596 , 115457 , 1216
3324 , 16796 , 605 , 115425 , 1205
3325 , 16840 , 591 , 115397 , 1171
3326 , 16872 , 605 , 115328 , 1178
3327 , 16870 , 619 , 115297 , 1170
3328 , 16916 , 610 , 115228 , 1189
3329 , 16918 , 625 , 115184 , 1204
3330 , 16981 , 620 , 115124 , 1185
3331 , 16988 , 628 , 115076 , 1207
3332 , 17041 , 619 , 114999 , 1223
3333 , 17041 , 614 , 114947 , 1262
3334 , 17025 , 630 , 114891 , 1307
3335 , 17062 , 646 , 114805 , 1336
3336 , 17079 , 644 , 114727 , 1373
3337 , 17093 , 653 , 114671 , 1387
3338 , 17119 , 641 , 114597 , 1424
3339 , 17112 , 651 , 114559 , 1441
3340 , 17115 , 653 , 114532 , 1444
3341 , 17078 , 645 , 114527 , 1477
3342 , 17066 , 649 , 114527 , 1506
3343 , 17055 , 650 , 114481 , 1565
3344 , 17054 , 648 , 114426 , 1629
3345 , 16997 , 654 , 114426 , 1671
3346 , 16960 , 645 , 114402 , 1771
3347 , 16908 , 624 , 114436 , 1806
3348 , 16832 , 620 , 114505 , 1827
3349 , 16752 , 617 , 114579 , 1858
3350 , 16711 , 617 , 114622 , 1874
3351 , 16623 , 621 , 114744 , 1858
3352 , 16590 , 602 , 114815 , 1860
3353 , 16538 , 605 , 114903 , 1838
3354 , 16499 , 615 , 114975 , 1843
3355 , 16458 , 609 , 115065 , 1821
3356 , 16459 , 586 , 115145 , 1796
3357 , 16417 , 589 , 115255 , 1769
3358 , 16415 , 582 , 115377 , 1704
3359 , 16359 , 592 , 115503 , 1660
3360 , 16338 , 601 , 115657 , 1552
3361 , 16376 , 598 , 115748 , 1442
3362 , 16359 , 614 , 115815 , 1390
3363 , 16386 , 603 , 115842 , 1359
3364 , 16370 , 606 , 115836 , 1375
3365 , 16406 , 606 , 115805 , 1363
3366 , 16408 , 602 , 115803 , 1352
3367 , 16423 , 620 , 115766 , 1351
3368 , 16425 , 631 , 115703 , 1394
3369 , 16443 , 637 , 115682 , 1381
3370 , 16502 , 631 , 115648 , 1352
3371 , 16529 , 653 , 115621 , 1324
3372 , 16568 , 660 , 115557 , 1307
3373 , 16597 , 670 , 115482 , 1320
3374 , 16635 , 648 , 115441 , 1314
3375 , 16639 , 663 , 115392 , 1338
3376 , 16632 , 683 , 115345 , 1369
3377 , 16679 , 662 , 115239 , 1434
3378 , 16679 , 659 , 115171 , 1482
3379 , 16638 , 677 , 115099 , 1578
3380 , 16608 , 685 , 115049 , 1648
3381 , 16603 , 682 , 114990 , 1703
3382 , 16590 , 656 , 114929 , 1770
3383 , 16550 , 660 , 114906 , 1843
3384 , 16546 , 652 , 114917 , 1845
3385 , 16496 , 662 , 114887 , 1923
3386 , 16420 , 674 , 114895 , 2009
3387 , 16382 , 674 , 114930 , 2023
3388 , 16411 , 653 , 114960 , 1996
3389 , 16408 , 652 , 114973 , 1989
3390 , 16365 , 661 , 115055 , 1951
3391 , 16432 , 644 , 115120 , 1857
3392 , 16384 , 652 , 115223 , 1805
3393 , 16451 , 633 , 115231 , 1765
3394 , 16442 , 665 , 115246 , 1747
3395 , 16484 , 642 , 115261 , 1698
3396 , 16477 , 650 , 115336 , 1614
3397 , 16492 , 645 , 115358 , 1593
3398 , 16485 , 655 , 115398 , 1561
3399 , 16555 , 649 , 115375 , 1519
3400 , 16530 , 661 , 115406 , 1492
3401 , 16599 , 641 , 115446 , 1382
3402 , 16566 , 668 , 115464 , 1356
3403 , 16619 , 655 , 115423 , 1344
3404 , 16608 , 660 , 115372 , 1386
3405 , 16572 , 680 , 115342 , 1440
3406 , 16591 , 650 , 115323 , 1452
3407 , 16588 , 658 , 115315 , 1449
3408 , 16620 , 643 , 115302 , 1452
3409 , 16638 , 643 , 115249 , 1490
3410 , 16594 , 659 , 115222 , 1530
3411 , 16608 , 670 , 115154 , 1578
3412 , 16604 , 664 , 115129 , 1590
3413 , 16589 , 674 , 115076 , 1644
3414 , 16556 , 681 , 115077 , 1657
3415 , 16589 , 672 , 115071 , 1649
3416 , 16570 , 688 , 115072 , 1651
3417 , 16641 , 673 , 115021 , 1631
3418 , 16613 , 686 , 115014 , 1645
3419 , 16623 , 682 , 114996 , 1649
3420 , 16589 , 691 , 115023 , 1638
3421 , 16622 , 689 , 115010 , 1610
3422 , 16610 , 687 , 114994 , 1627
3423 , 16608 , 690 , 114957 , 1679
3424 , 16599 , 688 , 114886 , 1754
3425 , 16599 , 706 , 114839 , 1777
3426 , 16635 , 678 , 114754 , 1829
3427 , 16604 , 679 , 114711 , 1891
3428 , 16591 , 679 , 114722 , 1897
3429 , 16590 , 681 , 114724 , 1897
3430 , 16608 , 674 , 114766 , 1844
3431 , 16627 , 683 , 114821 , 1763
3432 , 16651 , 681 , 114852 , 1700
3433 , 16704 , 675 , 114857 , 1635
3434 , 16751 , 679 , 114827 , 1592
3435 , 16773 , 670 , 114847 , 1535
3436 , 16802 , 677 , 114822 , 1510
3437 , 16814 , 666 , 114807 , 1514
3438 , 16803 , 660 , 114851 , 1465
3439 , 16804 , 664 , 114890 , 1437
3440 , 16860 , 661 , 114848 , 1431
3441 , 16853 , 660 , 114867 , 1419
3442 , 16889 , 650 , 114870 , 1393
3443 , 16912 , 642 , 114862 , 1373
3444 , 16934 , 646 , 114835 , 1349
3445 , 16946 , 652 , 114800 , 1357
3446 , 16974 , 639 , 114742 , 1373
3447 , 16970 , 642 , 114681 , 1433
3448 , 16924 , 644 , 114685 , 1456
3449 , 16946 , 634 , 114679 , 1453
3450 , 16909 , 639 , 114668 , 1491
3451 , 16881 , 650 , 114663 , 1532
3452 , 16857 , 635 , 114684 , 1549
3453 , 16813 , 644 , 114725 , 1560
3454 , 16839 , 630 , 114683 , 1600
3455 , 16835 , 615 , 114665 , 1629
3456 , 16830 , 598 , 114650 , 1667
3457 , 16797 , 595 , 114668 , 1688
3458 , 16800 , 608 , 114738 , 1622
3459 , 16796 , 613 , 114802 , 1567
3460 , 16826 , 616 , 114843 , 1494
3461 , 16845 , 619 , 114869 , 1442
3462 , 16846 , 622 , 114882 , 1428
3463 , 16817 , 619 , 114874 , 1476
3464 , 16819 , 636 , 114856 , 1490
3465 , 16800 , 623 , 114847 , 1515
3466 , 16803 , 642 , 114818 , 1542
3467 , 16800 , 643 , 114783 , 1572
3468 , 16851 , 636 , 114736 , 1572
3469 , 16836 , 632 , 114731 , 1584
3470 , 16854 , 628 , 114726 , 1572
3471 , 16837 , 635 , 114709 , 1604
3472 , 16834 , 627 , 114679 , 1643
3473 , 16849 , 629 , 114667 , 1637
3474 , 16878 , 609 , 114655 , 1632
3475 , 16870 , 617 , 114692 , 1580
3476 , 16909 , 615 , 114693 , 1533
3477 , 16906 , 623 , 114707 , 1510
3478 , 16879 , 633 , 114733 , 1504
3479 , 16850 , 639 , 114756 , 1509
3480 , 16859 , 635 , 114757 , 1492
3481 , 16857 , 650 , 114719 , 1513
3482 , 16887 , 632 , 114710 , 1514
3483 , 16819 , 644 , 114712 , 1572
3484 , 16826 , 637 , 114706 , 1587
3485 , 16859 , 629 , 114670 , 1599
3486 , 16802 , 635 , 114714 , 1612
3487 , 16805 , 624 , 114739 , 1596
3488 , 16767 , 634 , 114811 , 1574
3489 , 16767 , 616 , 114875 , 1543
3490 , 16726 , 611 , 114985 , 1494
3491 , 16754 , 601 , 115069 , 1419
3492 , 16678 , 612 , 115131 , 1446
3493 , 16695 , 604 , 115134 , 1452
3494 , 16672 , 598 , 115174 , 1464
3495 , 16673 , 601 , 115221 , 1423
3496 , 16686 , 603 , 115257 , 1377
3497 , 16663 , 613 , 115299 , 1355
3498 , 16668 , 613 , 115304 , 1345
3499 , 16708 , 614 , 115298 , 1310
3500 , 16708 , 622 , 115289 , 1308
3501 , 16694 , 619 , 115302 , 1308
3502 , 16716 , 617 , 115288 , 1295
3503 , 16707 , 622 , 115271 , 1319
3504 , 16704 , 613 , 115252 , 1347
3505 , 16715 , 617 , 115229 , 1358
3506 , 16713 , 618 , 115198 , 1378
3507 , 16673 , 631 , 115180 , 1408
3508 , 16704 , 627 , 115160 , 1402
3509 , 16704 , 634 , 115137 , 1423
3510 , 16713 , 632 , 115133 , 1415
3511 , 16738 , 638 , 115113 , 1402
3512 , 16773 , 652 , 115083 , 1383
3513 , 16805 , 651 , 115034 , 1396
3514 , 16817 , 650 , 114993 , 1413
3515 , 16814 , 663 , 114954 , 1434
3516 , 16800 , 670 , 114935 , 1459
3517 , 16846 , 669 , 114950 , 1389
3518 , 16850 , 667 , 114983 , 1344
3519 , 16881 , 679 , 114993 , 1287
3520 , 16914 , 673 , 114995 , 1252
3521 , 16967 , 685 , 114945 , 1233
3522 , 16975 , 693 , 114893 , 1259
3523 , 17008 , 704 , 114823 , 1259
3524 , 17043 , 684 , 114734 , 1304
3525 , 17039 , 684 , 114645 , 1372
3526 , 17063 , 689 , 114536 , 1433
3527 , 17032 , 697 , 114471 , 1491
3528 , 17073 , 681 , 114397 , 1520
3529 , 17061 , 682 , 114347 , 1547
3530 , 17073 , 682 , 114297 , 1578
3531 , 17034 , 675 , 114268 , 1636
3532 , 17031 , 672 , 114235 , 1683
3533 , 17013 , 675 , 114260 , 1678
3534 , 16988 , 667 , 114269 , 1694
3535 , 16978 , 655 , 114270 , 1735
3536 , 16943 , 661 , 114316 , 1726
3537 , 16947 , 654 , 114325 , 1748
3538 , 16955 , 655 , 114351 , 1735
3539 , 16960 , 658 , 114342 , 1736
3540 , 16949 , 648 , 114352 , 1766
3541 , 16922 , 641 , 114382 , 1776
3542 , 16864 , 645 , 114429 , 1791
3543 , 16860 , 647 , 114511 , 1729
3544 , 16808 , 657 , 114616 , 1686
3545 , 16821 , 649 , 114690 , 1630
3546 , 16779 , 661 , 114775 , 1587
3547 , 16794 , 646 , 114794 , 1587
3548 , 16773 , 656 , 114800 , 1597
3549 , 16785 , 661 , 114818 , 1579
3550 , 16790 , 658 , 114817 , 1585
3551 , 16816 , 645 , 114852 , 1535
3552 , 16817 , 653 , 114875 , 1504
3553 , 16827 , 658 , 114893 , 1472
3554 , 16866 , 628 , 114898 , 1446
3555 , 16868 , 627 , 114913 , 1432
3556 , 16900 , 632 , 114884 , 1428
3557 , 16879 , 642 , 114904 , 1409
3558 , 16911 , 647 , 114877 , 1396
3559 , 16891 , 643 , 114917 , 1365
3560 , 16907 , 650 , 114897 , 1364
3561 , 16872 , 644 , 114893 , 1417
3562 , 16847 , 657 , 114890 , 1457
3563 , 16838 , 663 , 114871 , 1492
3564 , 16829 , 670 , 114835 , 1537
3565 , 16838 , 678 , 114810 , 1542
3566 , 16842 , 671 , 114759 , 1585
3567 , 16856 , 673 , 114716 , 1602
3568 , 16888 , 662 , 114700 , 1578
3569 , 16922 , 657 , 114685 , 1550
3570 , 16916 , 664 , 114682 , 1545
3571 , 16918 , 676 , 114722 , 1484
3572 , 16999 , 669 , 114724 , 1415
3573 , 17007 , 672 , 114748 , 1377
3574 , 17028 , 660 , 114778 , 1330
3575 , 17049 , 672 , 114776 , 1309
3576 , 17040 , 670 , 114793 , 1300
3577 , 17015 , 686 , 114788 , 1314
3578 , 17032 , 665 , 114782 , 1312
3579 , 17022 , 672 , 114763 , 1331
3580 , 17062 , 665 , 114726 , 1352
3581 , 17024 , 684 , 114692 , 1403
3582 , 17010 , 671 , 114682 , 1427
3583 , 17009 , 683 , 114690 , 1415
3584 , 17031 , 696 , 114685 , 1394
3585 , 17047 , 704 , 114684 , 1378
3586 , 17049 , 714 , 114658 , 1386
3587 , 17078 , 691 , 114615 , 1396
3588 , 17098 , 711 , 114599 , 1367
3589 , 17069 , 721 , 114617 , 1355
3590 , 17168 , 723 , 114496 , 1372
3591 , 17143 , 730 , 114435 , 1416
3592 , 17177 , 715 , 114323 , 1492
3593 , 17223 , 696 , 114249 , 1525
3594 , 17193 , 695 , 114224 , 1572
3595 , 17172 , 689 , 114206 , 1618
3596 , 17135 , 701 , 114182 , 1677
3597 , 17065 , 713 , 114214 , 1713
3598 , 17106 , 703 , 114220 , 1679
3599 , 17138 , 708 , 114231 , 1616
3600 , 17151 , 727 , 114224 , 1588
3601 , 17192 , 717 , 114208 , 1557
3602 , 17114 , 745 , 114279 , 1506
3603 , 17097 , 757 , 114331 , 1463
3604 , 17122 , 762 , 114291 , 1495
3605 , 17159 , 748 , 114284 , 1465
3606 , 17130 , 769 , 114316 , 1428
3607 , 17179 , 763 , 114283 , 1423
3608 , 17206 , 767 , 114252 , 1410
3609 , 17206 , 763 , 114183 , 1463
3610 , 17158 , 760 , 114158 , 1538
3611 , 17210 , 740 , 114101 , 1554
3612 , 17193 , 756 , 114057 , 1578
3613 , 17213 , 769 , 113959 , 1639
3614 , 17139 , 775 , 113948 , 1709
3615 , 17154 , 766 , 113889 , 1760
3616 , 17162 , 757 , 113813 , 1836
3617 , 17128 , 756 , 113751 , 1933
3618 , 17082 , 762 , 113713 , 2027
3619 , 17037 , 758 , 113746 , 2038
3620 , 17011 , 761 , 113803 , 2027
3621 , 17058 , 747 , 113805 , 2004
3622 , 17040 , 751 , 113801 , 2006
3623 , 17085 , 734 , 113813 , 1957
3624 , 17020 , 745 , 113827 , 1999
3625 , 17071 , 735 , 113828 , 1965
3626 , 17100 , 729 , 113850 , 1913
3627 , 17145 , 728 , 113880 , 1840
3628 , 17139 , 729 , 113919 , 1800
3629 , 17144 , 737 , 113890 , 1802
3630 , 17149 , 716 , 113869 , 1822
3631 , 17114 , 727 , 113890 , 1834
3632 , 17096 , 710 , 113956 , 1817
3633 , 17120 , 701 , 113979 , 1805
3634 , 17061 , 695 , 113998 , 1846
3635 , 17014 , 693 , 114048 , 1851
3636 , 16991 , 697 , 114076 , 1860
3637 , 16989 , 681 , 114104 , 1860
3638 , 16954 , 682 , 114147 , 1842
3639 , 16916 , 684 , 114159 , 1898
3640 , 16938 , 686 , 114140 , 1892
3641 , 16907 , 686 , 114138 , 1934
3642 , 16879 , 673 , 114134 , 1997
3643 , 16810 , 700 , 114176 , 2016
3644 , 16815 , 698 , 114225 , 1966
3645 , 16822 , 689 , 114272 , 1916
3646 , 16821 , 704 , 114337 , 1853
3647 , 16885 , 698 , 114352 , 1784
3648 , 16879 , 701 , 114389 , 1744
3649 , 16902 , 698 , 114420 , 1698
3650 , 16973 , 688 , 114438 , 1614
3651 , 16991 , 697 , 114486 , 1529
3652 , 16985 , 700 , 114507 , 1500
3653 , 17026 , 701 , 114501 , 1471
3654 , 17046 , 691 , 114435 , 1516
3655 , 17010 , 689 , 114420 , 1561
3656 , 16984 , 718 , 114439 , 1569
3657 , 17049 , 715 , 114391 , 1578
3658 , 17066 , 710 , 114296 , 1656
3659 , 17053 , 705 , 114212 , 1754
3660 , 17026 , 710 , 114150 , 1842
3661 , 17014 , 724 , 114135 , 1862
3662 , 16993 , 716 , 114125 , 1908
3663 , 17022 , 723 , 114050 , 1953
3664 , 17045 , 730 , 114002 , 1979
3665 , 17085 , 722 , 113969 , 1963
3666 , 17087 , 761 , 113955 , 1928
3667 , 17149 , 743 , 113896 , 1903
3668 , 17199 , 747 , 113864 , 1872
3669 , 17245 , 755 , 113866 , 1800
3670 , 17310 , 738 , 113839 , 1724
3671 , 17363 , 762 , 113826 , 1655
3672 , 17380 , 776 , 113814 , 1611
3673 , 17499 , 768 , 113755 , 1535
3674 , 17517 , 771 , 113691 , 1537
3675 , 17567 , 759 , 113613 , 1555
3676 , 17590 , 754 , 113554 , 1569
3677 , 17574 , 748 , 113545 , 1582
3678 , 17572 , 746 , 113493 , 1611
3679 , 17594 , 745 , 113456 , 1613
3680 , 17634 , 733 , 113448 , 1591
3681 , 17627 , 734 , 113423 , 1612
3682 , 17614 , 721 , 113430 , 1619
3683 , 17618 , 728 , 113448 , 1602
3684 , 17624 , 721 , 113431 , 1625
3685 , 17652 , 707 , 113412 , 1622
3686 , 17641 , 706 , 113407 , 1640
3687 , 17601 , 709 , 113431 , 1656
3688 , 17568 , 710 , 113426 , 1689
3689 , 17585 , 704 , 113423 , 1696
3690 , 17595 , 703 , 113477 , 1617
3691 , 17645 , 709 , 113460 , 1587
3692 , 17617 , 700 , 113525 , 1556
3693 , 17624 , 691 , 113538 , 1546
3694 , 17580 , 697 , 113604 , 1527
3695 , 17590 , 702 , 113597 , 1526
3696 , 17568 , 706 , 113661 , 1464
3697 , 17586 , 707 , 113658 , 1455
3698 , 17553 , 728 , 113645 , 1473
3699 , 17572 , 737 , 113625 , 1466
3700 , 17630 , 725 , 113593 , 1439
3701 , 17634 , 739 , 113585 , 1423
3702 , 17687 , 755 , 113534 , 1397
3703 , 17669 , 774 , 113476 , 1437
3704 , 17725 , 759 , 113391 , 1484
3705 , 17701 , 775 , 113316 , 1554
3706 , 17701 , 764 , 113282 , 1591
3707 , 17673 , 757 , 113296 , 1600
3708 , 17642 , 757 , 113317 , 1600
3709 , 17627 , 745 , 113335 , 1609
3710 , 17614 , 752 , 113326 , 1629
3711 , 17565 , 738 , 113331 , 1692
3712 , 17496 , 748 , 113327 , 1784
3713 , 17402 , 743 , 113338 , 1886
3714 , 17384 , 725 , 113353 , 1925
3715 , 17315 , 732 , 113389 , 1961
3716 , 17243 , 727 , 113459 , 1998
3717 , 17184 , 714 , 113556 , 2006
3718 , 17158 , 712 , 113684 , 1938
3719 , 17103 , 714 , 113751 , 1976
3720 , 17112 , 699 , 113837 , 1922
3721 , 17074 , 693 , 113935 , 1891
3722 , 17083 , 702 , 113955 , 1874
3723 , 17076 , 703 , 114048 , 1787
3724 , 17096 , 714 , 114084 , 1736
3725 , 17128 , 719 , 114123 , 1675
3726 , 17127 , 724 , 114161 , 1633
3727 , 17155 , 716 , 114165 , 1626
3728 , 17141 , 744 , 114194 , 1587
3729 , 17221 , 716 , 114182 , 1513
3730 , 17256 , 726 , 114171 , 1462
3731 , 17296 , 739 , 114152 , 1416
3732 , 17321 , 719 , 114160 , 1374
3733 , 17368 , 722 , 114147 , 1336
3734 , 17364 , 724 , 114104 , 1356
3735 , 17369 , 739 , 114065 , 1383
3736 , 17363 , 760 , 114017 , 1427
3737 , 17397 , 756 , 113913 , 1499
3738 , 17375 , 746 , 113835 , 1590
3739 , 17377 , 740 , 113773 , 1653
3740 , 17360 , 734 , 113710 , 1723
3741 , 17374 , 729 , 113645 , 1782
3742 , 17295 , 733 , 113665 , 1819
3743 , 17305 , 715 , 113655 , 1844
3744 , 17261 , 712 , 113677 , 1873
3745 , 17225 , 713 , 113714 , 1874
3746 , 17255 , 695 , 113738 , 1855
3747 , 17206 , 701 , 113762 , 1871
3748 , 17177 , 701 , 113824 , 1852
3749 , 17134 , 692 , 113899 , 1837
3750 , 17094 , 682 , 113989 , 1817
3751 , 17090 , 682 , 114069 , 1760
3752 , 17098 , 671 , 114180 , 1651
3753 , 17084 , 664 , 114252 , 1596
3754 , 17080 , 661 , 114304 , 1567
3755 , 17093 , 655 , 114329 , 1559
3756 , 17102 , 649 , 114339 , 1557
3757 , 17131 , 620 , 114353 , 1543
3758 , 17115 , 622 , 114372 , 1532
3759 , 17105 , 620 , 114410 , 1506
3760 , 17069 , 634 , 114453 , 1485
3761 , 17116 , 622 , 114450 , 1467
3762 , 17110 , 620 , 114498 , 1426
3763 , 17173 , 610 , 114478 , 1405
3764 , 17131 , 609 , 114522 , 1395
3765 , 17140 , 608 , 114525 , 1403
3766 , 17101 , 624 , 114559 , 1393
3767 , 17154 , 607 , 114550 , 1352
3768 , 17112 , 631 , 114573 , 1349
3769 , 17125 , 631 , 114583 , 1321
3770 , 17128 , 612 , 114592 , 1328
3771 , 17102 , 614 , 114568 , 1366
3772 , 17066 , 608 , 114581 , 1425
3773 , 17062 , 599 , 114554 , 1478
3774 , 17011 , 593 , 114551 , 1550
3775 , 16985 , 592 , 114556 , 1583
3776 , 16985 , 600 , 114580 , 1566
3777 , 16981 , 615 , 114601 , 1529
3778 , 17001 , 621 , 114638 , 1464
3779 , 17035 , 634 , 114661 , 1383
3780 , 17120 , 627 , 114646 , 1303
3781 , 17146 , 636 , 114646 , 1250
3782 , 17214 , 642 , 114603 , 1204
3783 , 17264 , 645 , 114571 , 1162
3784 , 17306 , 644 , 114513 , 1154
3785 , 17361 , 644 , 114439 , 1156
3786 , 17346 , 672 , 114385 , 1184
3787 , 17386 , 668 , 114329 , 1199
3788 , 17418 , 670 , 114233 , 1236
3789 , 17433 , 687 , 114173 , 1244
3790 , 17419 , 686 , 114131 , 1276
3791 , 17415 , 686 , 114071 , 1340
3792 , 17421 , 687 , 114019 , 1383
3793 , 17419 , 693 , 114012 , 1366
3794 , 17460 , 692 , 113951 , 1383
3795 , 17493 , 688 , 113892 , 1400
3796 , 17478 , 698 , 113881 , 1398
3797 , 17531 , 693 , 113871 , 1345
3798 , 17508 , 709 , 113848 , 1356
3799 , 17532 , 709 , 113797 , 1370
3800 , 17533 , 715 , 113799 , 1345
3801 , 17573 , 704 , 113785 , 1319
3802 , 17568 , 716 , 113798 , 1303
3803 , 17625 , 701 , 113764 , 1289
3804 , 17605 , 723 , 113743 , 1295
3805 , 17628 , 703 , 113703 , 1314
3806 , 17605 , 697 , 113697 , 1336
3807 , 17594 , 703 , 113654 , 1393
3808 , 17551 , 690 , 113636 , 1463
3809 , 17547 , 670 , 113612 , 1526
3810 , 17507 , 673 , 113604 , 1575
3811 , 17511 , 672 , 113584 , 1610
3812 , 17470 , 667 , 113588 , 1653
3813 , 17479 , 661 , 113603 , 1651
3814 , 17463 , 665 , 113621 , 1648
3815 , 17433 , 678 , 113702 , 1587
3816 , 17412 , 673 , 113750 , 1589
3817 , 17464 , 668 , 113720 , 1574
3818 , 17473 , 679 , 113712 , 1569
3819 , 17468 , 686 , 113678 , 1617
3820 , 17457 , 690 , 113641 , 1646
3821 , 17488 , 678 , 113606 , 1653
3822 , 17492 , 676 , 113598 , 1651
3823 , 17442 , 685 , 113629 , 1658
3824 , 17467 , 679 , 113615 , 1667
3825 , 17445 , 692 , 113627 , 1668
3826 , 17454 , 700 , 113675 , 1620
3827 , 17462 , 707 , 113683 , 1618
3828 , 17476 , 707 , 113715 , 1578
3829 , 17517 , 695 , 113776 , 1491
3830 , 17539 , 713 , 113772 , 1468
3831 , 17585 , 723 , 113743 , 1460
3832 , 17585 , 739 , 113726 , 1459
3833 , 17618 , 737 , 113662 , 1484
3834 , 17643 , 753 , 113649 , 1441
3835 , 17705 , 761 , 113615 , 1384
3836 , 17745 , 756 , 113559 , 1365
3837 , 17781 , 760 , 113519 , 1342
3838 , 17751 , 788 , 113510 , 1334
3839 , 17779 , 781 , 113435 , 1369
3840 , 17808 , 769 , 113371 , 1404
3841 , 17798 , 771 , 113343 , 1435
3842 , 17801 , 772 , 113303 , 1468
3843 , 17788 , 791 , 113260 , 1486
3844 , 17806 , 790 , 113232 , 1473
3845 , 17827 , 794 , 113178 , 1486
3846 , 17877 , 793 , 113136 , 1468
3847 , 17891 , 776 , 113062 , 1516
3848 , 17868 , 786 , 113029 , 1540
3849 , 17866 , 790 , 113025 , 1537
3850 , 17883 , 800 , 112980 , 1557
3851 , 17840 , 806 , 112953 , 1607
3852 , 17922 , 770 , 112940 , 1544
3853 , 17913 , 794 , 112930 , 1519
3854 , 17913 , 785 , 112903 , 1556
3855 , 17978 , 760 , 112842 , 1583
3856 , 17985 , 761 , 112848 , 1543
3857 , 18002 , 741 , 112806 , 1566
3858 , 17960 , 750 , 112817 , 1582
3859 , 17995 , 738 , 112805 , 1580
3860 , 17981 , 739 , 112780 , 1623
3861 , 18018 , 736 , 112757 , 1597
3862 , 18027 , 749 , 112737 , 1589
3863 , 18034 , 747 , 112701 , 1605
3864 , 18049 , 758 , 112721 , 1543
3865 , 18042 , 755 , 112697 , 1551
3866 , 17988 , 762 , 112726 , 1560
3867 , 17977 , 753 , 112752 , 1582
3868 , 17932 , 754 , 112808 , 1577
3869 , 17978 , 734 , 112795 , 1566
3870 , 17908 , 741 , 112853 , 1556
3871 , 17925 , 743 , 112898 , 1506
3872 , 17964 , 722 , 112943 , 1432
3873 , 17885 , 743 , 113003 , 1442
3874 , 17881 , 719 , 113006 , 1484
3875 , 17909 , 722 , 113001 , 1472
3876 , 17916 , 721 , 113012 , 1451
3877 , 17928 , 724 , 112972 , 1470
3878 , 17924 , 703 , 112968 , 1483
3879 , 17884 , 707 , 112930 , 1556
3880 , 17863 , 706 , 112910 , 1601
3881 , 17811 , 714 , 112937 , 1623
3882 , 17786 , 703 , 112985 , 1615
3883 , 17738 , 716 , 113027 , 1656
3884 , 17718 , 722 , 113056 , 1668
3885 , 17773 , 702 , 113016 , 1682
3886 , 17759 , 707 , 112960 , 1759
3887 , 17732 , 707 , 112970 , 1793
3888 , 17737 , 723 , 112975 , 1767
3889 , 17772 , 746 , 112988 , 1705
3890 , 17787 , 761 , 113011 , 1639
3891 , 17850 , 750 , 112938 , 1659
3892 , 17838 , 774 , 112912 , 1656
3893 , 17921 , 774 , 112903 , 1565
3894 , 17893 , 793 , 112911 , 1556
3895 , 17930 , 767 , 112914 , 1544
3896 , 17869 , 793 , 112922 , 1597
3897 , 17907 , 767 , 112890 , 1619
3898 , 17875 , 796 , 112906 , 1629
3899 , 17922 , 790 , 112884 , 1607
3900 , 17976 , 790 , 112815 , 1605
3901 , 17983 , 785 , 112787 , 1612
3902 , 17987 , 779 , 112760 , 1638
3903 , 17996 , 770 , 112742 , 1645
3904 , 17993 , 775 , 112711 , 1667
3905 , 17982 , 772 , 112723 , 1661
3906 , 17977 , 791 , 112724 , 1655
3907 , 17986 , 777 , 112715 , 1668
3908 , 18011 , 763 , 112704 , 1668
3909 , 18038 , 764 , 112682 , 1665
3910 , 17971 , 778 , 112697 , 1708
3911 , 18008 , 771 , 112632 , 1739
3912 , 17979 , 779 , 112634 , 1754
3913 , 17940 , 792 , 112651 , 1774
3914 , 17951 , 795 , 112645 , 1780
3915 , 17943 , 795 , 112611 , 1826
3916 , 17972 , 799 , 112582 , 1846
3917 , 17984 , 803 , 112566 , 1837
3918 , 17953 , 810 , 112576 , 1829
3919 , 18001 , 794 , 112591 , 1745
3920 , 18018 , 786 , 112619 , 1694
3921 , 18046 , 800 , 112607 , 1668
3922 , 17988 , 818 , 112636 , 1669
3923 , 17992 , 830 , 112684 , 1613
3924 , 18014 , 823 , 112687 , 1604
3925 , 18028 , 811 , 112664 , 1634
3926 , 18033 , 806 , 112648 , 1639
3927 , 18019 , 803 , 112661 , 1651
3928 , 18007 , 815 , 112629 , 1683
3929 , 18016 , 809 , 112621 , 1677
3930 , 18023 , 804 , 112586 , 1698
3931 , 17993 , 808 , 112535 , 1746
3932 , 17940 , 796 , 112595 , 1759
3933 , 17981 , 781 , 112575 , 1763
3934 , 17935 , 775 , 112581 , 1806
3935 , 17897 , 769 , 112605 , 1828
3936 , 17841 , 776 , 112623 , 1881
3937 , 17828 , 770 , 112666 , 1856
3938 , 17863 , 743 , 112693 , 1842
3939 , 17838 , 761 , 112752 , 1810
3940 , 17843 , 772 , 112783 , 1785
3941 , 17829 , 765 , 112780 , 1792
3942 , 17889 , 757 , 112749 , 1758
3943 , 17875 , 763 , 112773 , 1751
3944 , 17902 , 768 , 112752 , 1741
3945 , 17878 , 762 , 112782 , 1741
3946 , 17912 , 752 , 112829 , 1680
3947 , 17898 , 739 , 112881 , 1677
3948 , 17917 , 752 , 112865 , 1657
3949 , 17927 , 768 , 112932 , 1557
3950 , 17951 , 771 , 112956 , 1519
3951 , 18033 , 758 , 112947 , 1433
3952 , 18024 , 787 , 112932 , 1425
3953 , 17992 , 779 , 113007 , 1405
3954 , 18063 , 765 , 112990 , 1364
3955 , 18078 , 766 , 112958 , 1374
3956 , 18064 , 758 , 112943 , 1385
3957 , 18078 , 759 , 112923 , 1387
3958 , 18047 , 758 , 112920 , 1426
3959 , 18054 , 751 , 112937 , 1406
3960 , 18104 , 751 , 112872 , 1426
3961 , 18076 , 768 , 112849 , 1464
3962 , 18159 , 763 , 112801 , 1434
3963 , 18147 , 786 , 112771 , 1424
3964 , 18192 , 769 , 112707 , 1437
3965 , 18172 , 781 , 112709 , 1430
3966 , 18173 , 787 , 112691 , 1445
3967 , 18211 , 779 , 112639 , 1461
3968 , 18235 , 767 , 112652 , 1424
3969 , 18293 , 775 , 112640 , 1369
3970 , 18272 , 778 , 112657 , 1360
3971 , 18316 , 781 , 112600 , 1352
3972 , 18357 , 782 , 112520 , 1370
3973 , 18356 , 778 , 112459 , 1407
3974 , 18398 , 783 , 112390 , 1418
3975 , 18432 , 803 , 112320 , 1405
3976 , 18416 , 808 , 112302 , 1420
3977 , 18438 , 813 , 112251 , 1431
3978 , 18441 , 801 , 112214 , 1444
3979 , 18423 , 801 , 112177 , 1478
3980 , 18376 , 797 , 112173 , 1514
3981 , 18395 , 783 , 112144 , 1539
3982 , 18285 , 773 , 112193 , 1604
3983 , 18292 , 757 , 112185 , 1650
3984 , 18210 , 766 , 112231 , 1689
3985 , 18153 , 768 , 112329 , 1684
3986 , 18107 , 757 , 112403 , 1712
3987 , 18060 , 763 , 112472 , 1726
3988 , 17999 , 791 , 112546 , 1734
3989 , 18008 , 779 , 112577 , 1735
3990 , 18009 , 771 , 112599 , 1721
3991 , 17974 , 793 , 112677 , 1687
3992 , 18006 , 778 , 112718 , 1636
3993 , 17988 , 795 , 112754 , 1638
3994 , 18017 , 799 , 112777 , 1588
3995 , 18026 , 797 , 112744 , 1601
3996 , 18051 , 781 , 112678 , 1635
3997 , 18052 , 782 , 112639 , 1655
3998 , 17994 , 784 , 112675 , 1678
3999 , 17972 , 779 , 112710 , 1697
4000 , 17959 , 774 , 112726 , 1723
4001 , 17969 , 769 , 112673 , 1777
4002 , 17897 , 752 , 112680 , 1849
4003 , 17857 , 773 , 112688 , 1893
4004 , 17864 , 761 , 112751 , 1847
4005 , 17848 , 757 , 112783 , 1828
4006 , 17875 , 756 , 112782 , 1824
4007 , 17851 , 751 , 112788 , 1818
4008 , 17854 , 748 , 112799 , 1813
4009 , 17781 , 759 , 112875 , 1791
4010 , 17807 , 741 , 112878 , 1788
4011 , 17818 , 728 , 112866 , 1793
4012 , 17793 , 740 , 112918 , 1781
4013 , 17756 , 727 , 112945 , 1820
4014 , 17767 , 707 , 112946 , 1847
4015 , 17710 , 715 , 112994 , 1875
4016 , 17725 , 709 , 112985 , 1901
4017 , 17707 , 717 , 113002 , 1915
4018 , 17722 , 704 , 113002 , 1933
4019 , 17693 , 704 , 113055 , 1916
4020 , 17744 , 698 , 113073 , 1849
4021 , 17757 , 711 , 113153 , 1758
4022 , 17756 , 716 , 113272 , 1633
4023 , 17776 , 707 , 113373 , 1525
4024 , 17818 , 712 , 113436 , 1441
4025 , 17863 , 706 , 113454 , 1388
4026 , 17906 , 691 , 113426 , 1380
4027 , 17875 , 702 , 113410 , 1405
4028 , 17844 , 704 , 113383 , 1455
4029 , 17876 , 698 , 113344 , 1486
4030 , 17848 , 718 , 113369 , 1458
4031 , 17891 , 730 , 113330 , 1436
4032 , 17907 , 740 , 113259 , 1448
4033 , 17943 , 740 , 113169 , 1490
4034 , 17989 , 736 , 113065 , 1521
4035 , 17991 , 746 , 112998 , 1551
4036 , 18032 , 743 , 112865 , 1625
4037 , 18013 , 741 , 112835 , 1659
4038 , 18032 , 750 , 112815 , 1641
4039 , 18028 , 764 , 112784 , 1652
4040 , 18078 , 752 , 112754 , 1638
4041 , 18024 , 767 , 112754 , 1674
4042 , 18089 , 763 , 112680 , 1684
4043 , 18046 , 763 , 112650 , 1738
4044 , 18057 , 760 , 112647 , 1729
4045 , 18081 , 746 , 112601 , 1762
4046 , 18056 , 745 , 112576 , 1811
4047 , 18085 , 749 , 112526 , 1841
4048 , 18064 , 739 , 112556 , 1823
4049 , 18082 , 745 , 112616 , 1760
4050 , 18077 , 764 , 112671 , 1685
4051 , 18135 , 750 , 112699 , 1605
4052 , 18147 , 763 , 112742 , 1533
4053 , 18201 , 754 , 112739 , 1477
4054 , 18205 , 766 , 112769 , 1420
4055 , 18238 , 779 , 112737 , 1398
4056 , 18243 , 769 , 112671 , 1442
4057 , 18272 , 776 , 112638 , 1404
4058 , 18274 , 778 , 112591 , 1404
4059 , 18335 , 766 , 112512 , 1415
4060 , 18325 , 769 , 112478 , 1423
4061 , 18429 , 753 , 112431 , 1380
4062 , 18406 , 762 , 112428 , 1375
4063 , 18416 , 741 , 112400 , 1395
4064 , 18409 , 743 , 112356 , 1428
4065 , 18441 , 738 , 112285 , 1465
4066 , 18408 , 751 , 112261 , 1508
4067 , 18375 , 760 , 112226 , 1563
4068 , 18369 , 746 , 112156 , 1662
4069 , 18340 , 755 , 112142 , 1713
4070 , 18325 , 743 , 112122 , 1786
4071 , 18319 , 752 , 112157 , 1759
4072 , 18403 , 738 , 112129 , 1710
4073 , 18439 , 735 , 112128 , 1656
4074 , 18483 , 719 , 112134 , 1603
4075 , 18506 , 714 , 112202 , 1493
4076 , 18569 , 708 , 112210 , 1431
4077 , 18610 , 697 , 112267 , 1335
4078 , 18613 , 710 , 112300 , 1273
4079 , 18683 , 715 , 112245 , 1238
4080 , 18736 , 729 , 112215 , 1184
4081 , 18764 , 728 , 112176 , 1170
4082 , 18789 , 745 , 112115 , 1170
4083 , 18810 , 767 , 112038 , 1193
4084 , 18849 , 752 , 111987 , 1179
4085 , 18855 , 756 , 111917 , 1222
4086 , 18870 , 755 , 111830 , 1284
4087 , 18881 , 769 , 111778 , 1296
4088 , 18857 , 770 , 111714 , 1355
4089 , 18850 , 783 , 111668 , 1376
4090 , 18811 , 782 , 111677 , 1396
4091 , 18839 , 765 , 111616 , 1455
4092 , 18803 , 757 , 111601 , 1489
4093 , 18749 , 756 , 111602 , 1534
4094 , 18759 , 769 , 111606 , 1514
4095 , 18795 , 768 , 111602 , 1490
4096 , 18806 , 760 , 111587 , 1476
4097 , 18812 , 772 , 111589 , 1459
4098 , 18826 , 758 , 111573 , 1454
4099 , 18823 , 760 , 111582 , 1440
4100 , 18842 , 776 , 111515 , 1483
4101 , 18863 , 764 , 111473 , 1477
4102 , 18886 , 787 , 111473 , 1405
4103 , 18902 , 790 , 111469 , 1388
4104 , 18945 , 790 , 111448 , 1358
4105 , 18966 , 798 , 111393 , 1350
4106 , 19035 , 813 , 111285 , 1357
4107 , 19023 , 828 , 111215 , 1387
4108 , 19055 , 818 , 111158 , 1399
4109 , 19002 , 820 , 111177 , 1425
4110 , 19010 , 820 , 111094 , 1508
4111 , 19018 , 813 , 111047 , 1543
4112 , 18984 , 822 , 111001 , 1605
4113 , 18991 , 809 , 110957 , 1646
4114 , 18945 , 801 , 110982 , 1683
4115 , 18920 , 810 , 110990 , 1698
4116 , 18936 , 808 , 111013 , 1658
4117 , 18933 , 804 , 111015 , 1658
4118 , 18930 , 800 , 111045 , 1639
4119 , 18911 , 804 , 111056 , 1639
4120 , 18901 , 801 , 111068 , 1641
4121 , 18879 , 798 , 111084 , 1649
4122 , 18850 , 814 , 111092 , 1685
4123 , 18814 , 804 , 111112 , 1708
4124 , 18790 , 797 , 111121 , 1755
4125 , 18765 , 793 , 111141 , 1763
4126 , 18742 , 790 , 111190 , 1763
4127 , 18717 , 797 , 111205 , 1804
4128 , 18710 , 796 , 111220 , 1825
4129 , 18686 , 780 , 111250 , 1847
4130 , 18648 , 788 , 111272 , 1880
4131 , 18682 , 781 , 111241 , 1883
4132 , 18646 , 787 , 111241 , 1911
4133 , 18612 , 795 , 111233 , 1962
4134 , 18613 , 791 , 111233 , 1969
4135 , 18566 , 782 , 111251 , 2019
4136 , 18556 , 773 , 111313 , 1983
4137 , 18525 , 768 , 111327 , 2003
4138 , 18473 , 775 , 111388 , 2018
4139 , 18454 , 780 , 111457 , 1982
4140 , 18424 , 781 , 111543 , 1932
4141 , 18423 , 782 , 111640 , 1847
4142 , 18423 , 760 , 111694 , 1819
4143 , 18314 , 781 , 111780 , 1842
4144 , 18381 , 752 , 111770 , 1853
4145 , 18339 , 768 , 111817 , 1850
4146 , 18362 , 762 , 111830 , 1825
4147 , 18344 , 787 , 111841 , 1826
4148 , 18367 , 771 , 111868 , 1795
4149 , 18360 , 760 , 111887 , 1787
4150 , 18373 , 754 , 111982 , 1685
4151 , 18418 , 745 , 112007 , 1612
4152 , 18404 , 738 , 112102 , 1519
4153 , 18413 , 714 , 112167 , 1449
4154 , 18390 , 713 , 112227 , 1416
4155 , 18391 , 708 , 112262 , 1402
4156 , 18396 , 703 , 112303 , 1372
4157 , 18418 , 701 , 112332 , 1317
4158 , 18441 , 684 , 112396 , 1239
4159 , 18425 , 679 , 112438 , 1236
4160 , 18438 , 681 , 112434 , 1234
4161 , 18453 , 671 , 112422 , 1240
4162 , 18446 , 676 , 112433 , 1234
4163 , 18447 , 674 , 112433 , 1236
4164 , 18477 , 683 , 112433 , 1209
4165 , 18522 , 683 , 112380 , 1213
4166 , 18507 , 684 , 112351 , 1237
4167 , 18549 , 689 , 112322 , 1207
4168 , 18530 , 695 , 112347 , 1187
4169 , 18551 , 705 , 112312 , 1203
4170 , 18533 , 717 , 112268 , 1252
4171 , 18538 , 709 , 112241 , 1281
4172 , 18560 , 702 , 112175 , 1322
4173 , 18504 , 728 , 112164 , 1358
4174 , 18568 , 722 , 112130 , 1331
4175 , 18583 , 724 , 112114 , 1312
4176 , 18605 , 712 , 112121 , 1269
4177 , 18650 , 701 , 112157 , 1193
4178 , 18662 , 709 , 112128 , 1185
4179 , 18641 , 708 , 112111 , 1226
4180 , 18627 , 700 , 112093 , 1260
4181 , 18627 , 711 , 112101 , 1242
4182 , 18634 , 706 , 112059 , 1271
4183 , 18634 , 692 , 112036 , 1305
4184 , 18563 , 694 , 112046 , 1372
4185 , 18542 , 687 , 112043 , 1417
4186 , 18473 , 694 , 112082 , 1454
4187 , 18443 , 693 , 112094 , 1495
4188 , 18408 , 693 , 112153 , 1478
4189 , 18407 , 689 , 112203 , 1447
4190 , 18386 , 689 , 112249 , 1432
4191 , 18374 , 669 , 112273 , 1443
4192 , 18342 , 680 , 112323 , 1431
4193 , 18325 , 672 , 112354 , 1450
4194 , 18297 , 660 , 112399 , 1445
4195 , 18251 , 657 , 112433 , 1470
4196 , 18211 , 668 , 112481 , 1474
4197 , 18152 , 657 , 112541 , 1509
4198 , 18114 , 655 , 112587 , 1527
4199 , 18096 , 637 , 112669 , 1502
4200 , 18034 , 640 , 112765 , 1488
4201 , 18006 , 643 , 112784 , 1504
4202 , 18002 , 637 , 112811 , 1490
4203 , 17996 , 636 , 112846 , 1468
4204 , 17953 , 645 , 112901 , 1464
4205 , 17951 , 645 , 112959 , 1425
4206 , 17920 , 634 , 113017 , 1416
4207 , 17933 , 630 , 113092 , 1361
4208 , 17919 , 638 , 113132 , 1341
4209 , 17929 , 635 , 113206 , 1264
4210 , 17958 , 628 , 113199 , 1258
4211 , 17961 , 631 , 113175 , 1273
4212 , 17965 , 639 , 113139 , 1302
4213 , 17964 , 634 , 113117 , 1338
4214 , 17962 , 642 , 113088 , 1363
4215 , 17971 , 643 , 113078 , 1368
4216 , 17965 , 649 , 113076 , 1375
4217 , 17980 , 653 , 113081 , 1358
4218 , 17964 , 649 , 113121 , 1353
4219 , 17978 , 665 , 113145 , 1325
4220 , 17961 , 657 , 113167 , 1334
4221 , 17997 , 661 , 113148 , 1322
4222 , 17968 , 646 , 113176 , 1311
4223 , 17972 , 655 , 113180 , 1292
4224 , 17964 , 660 , 113187 , 1284
4225 , 17953 , 664 , 113177 , 1312
4226 , 17951 , 652 , 113154 , 1338
4227 , 17954 , 659 , 113143 , 1341
4228 , 17937 , 648 , 113072 , 1426
4229 , 17925 , 632 , 113073 , 1457
4230 , 17868 , 641 , 113050 , 1535
4231 , 17827 , 633 , 113036 , 1610
4232 , 17757 , 627 , 113076 , 1658
4233 , 17714 , 613 , 113119 , 1713
4234 , 17610 , 611 , 113223 , 1739
4235 , 17566 , 606 , 113315 , 1731
4236 , 17542 , 604 , 113402 , 1690
4237 , 17548 , 607 , 113490 , 1606
4238 , 17499 , 603 , 113660 , 1495
4239 , 17536 , 606 , 113676 , 1466
4240 , 17546 , 606 , 113726 , 1414
4241 , 17549 , 605 , 113783 , 1340
4242 , 17586 , 604 , 113799 , 1289
4243 , 17584 , 615 , 113816 , 1277
4244 , 17613 , 600 , 113825 , 1245
4245 , 17611 , 599 , 113876 , 1208
4246 , 17610 , 609 , 113891 , 1210
4247 , 17621 , 611 , 113859 , 1229
4248 , 17671 , 587 , 113836 , 1212
4249 , 17632 , 599 , 113826 , 1249
4250 , 17633 , 600 , 113837 , 1239
4251 , 17636 , 605 , 113837 , 1231
4252 , 17635 , 608 , 113840 , 1235
4253 , 17606 , 623 , 113842 , 1238
4254 , 17666 , 620 , 113802 , 1230
4255 , 17652 , 625 , 113803 , 1214
4256 , 17681 , 625 , 113809 , 1192
4257 , 17699 , 631 , 113792 , 1180
4258 , 17750 , 626 , 113755 , 1144
4259 , 17771 , 636 , 113729 , 1123
4260 , 17822 , 648 , 113663 , 1117
4261 , 17871 , 648 , 113599 , 1111
4262 , 17945 , 642 , 113535 , 1085
4263 , 17957 , 660 , 113492 , 1080
4264 , 18008 , 664 , 113434 , 1065
4265 , 18065 , 668 , 113361 , 1049
4266 , 18109 , 672 , 113312 , 1024
4267 , 18166 , 686 , 113225 , 1023
4268 , 18178 , 709 , 113152 , 1037
4269 , 18230 , 701 , 113052 , 1065
4270 , 18214 , 723 , 112960 , 1142
4271 , 18261 , 714 , 112858 , 1184
4272 , 18257 , 720 , 112786 , 1227
4273 , 18233 , 727 , 112747 , 1256
4274 , 18246 , 732 , 112675 , 1295
4275 , 18265 , 720 , 112624 , 1310
4276 , 18304 , 728 , 112590 , 1295
4277 , 18307 , 736 , 112579 , 1280
4278 , 18292 , 734 , 112566 , 1291
4279 , 18294 , 734 , 112538 , 1317
4280 , 18306 , 737 , 112506 , 1330
4281 , 18340 , 729 , 112462 , 1334
4282 , 18353 , 744 , 112409 , 1348
4283 , 18354 , 743 , 112380 , 1372
4284 , 18346 , 738 , 112326 , 1434
4285 , 18344 , 727 , 112288 , 1462
4286 , 18293 , 745 , 112290 , 1494
4287 , 18295 , 730 , 112291 , 1482
4288 , 18313 , 722 , 112258 , 1506
4289 , 18285 , 722 , 112293 , 1496
4290 , 18269 , 745 , 112316 , 1472
4291 , 18283 , 738 , 112309 , 1470
4292 , 18249 , 744 , 112295 , 1510
4293 , 18256 , 728 , 112277 , 1546
4294 , 18237 , 721 , 112287 , 1556
4295 , 18203 , 739 , 112269 , 1604
4296 , 18189 , 723 , 112251 , 1679
4297 , 18094 , 726 , 112231 , 1798
4298 , 18067 , 732 , 112221 , 1872
4299 , 17977 , 734 , 112236 , 1964
4300 , 17951 , 715 , 112242 , 2030
4301 , 17870 , 721 , 112278 , 2086
4302 , 17763 , 709 , 112344 , 2158
4303 , 17734 , 697 , 112435 , 2140
4304 , 17647 , 706 , 112563 , 2111
4305 , 17624 , 691 , 112730 , 2017
4306 , 17588 , 688 , 112900 , 1929
4307 , 17575 , 698 , 113015 , 1866
4308 , 17556 , 678 , 113139 , 1788
4309 , 17559 , 675 , 113311 , 1638
4310 , 17522 , 682 , 113437 , 1575
4311 , 17561 , 681 , 113506 , 1506
4312 , 17508 , 692 , 113592 , 1478
4313 , 17524 , 688 , 113647 , 1445
4314 , 17549 , 682 , 113685 , 1380
4315 , 17540 , 686 , 113708 , 1371
4316 , 17574 , 673 , 113711 , 1347
4317 , 17625 , 665 , 113698 , 1325
4318 , 17599 , 697 , 113713 , 1306
4319 , 17656 , 684 , 113683 , 1267
4320 , 17658 , 691 , 113693 , 1249
4321 , 17702 , 706 , 113668 , 1220
4322 , 17764 , 702 , 113613 , 1185
4323 , 17815 , 704 , 113527 , 1199
4324 , 17804 , 708 , 113486 , 1222
4325 , 17793 , 710 , 113428 , 1279
4326 , 17798 , 715 , 113407 , 1292
4327 , 17832 , 715 , 113328 , 1312
4328 , 17870 , 700 , 113282 , 1328
4329 , 17885 , 711 , 113246 , 1324
4330 , 17892 , 713 , 113207 , 1350
4331 , 17905 , 709 , 113151 , 1413
4332 , 17937 , 695 , 113106 , 1430
4333 , 17892 , 714 , 113063 , 1486
4334 , 17951 , 705 , 113017 , 1488
4335 , 17962 , 696 , 113014 , 1479
4336 , 17956 , 701 , 113042 , 1444
4337 , 17929 , 737 , 113047 , 1446
4338 , 17924 , 731 , 113063 , 1434
4339 , 17980 , 722 , 113040 , 1408
4340 , 17962 , 750 , 112992 , 1435
4341 , 17991 , 745 , 113009 , 1388
4342 , 18028 , 742 , 112979 , 1383
4343 , 18057 , 736 , 112967 , 1358
4344 , 18077 , 743 , 112942 , 1365
4345 , 18130 , 739 , 112880 , 1366
4346 , 18140 , 755 , 112880 , 1326
4347 , 18170 , 775 , 112838 , 1304
4348 , 18247 , 758 , 112737 , 1315
4349 , 18261 , 754 , 112660 , 1362
4350 , 18234 , 759 , 112664 , 1368
4351 , 18278 , 749 , 112636 , 1340
4352 , 18260 , 759 , 112656 , 1296
4353 , 18264 , 758 , 112642 , 1309
4354 , 18235 , 764 , 112620 , 1350
4355 , 18218 , 767 , 112607 , 1381
4356 , 18267 , 747 , 112532 , 1420
4357 , 18241 , 759 , 112446 , 1508
4358 , 18198 , 754 , 112419 , 1571
4359 , 18184 , 754 , 112368 , 1641
4360 , 18178 , 743 , 112344 , 1688
4361 , 18130 , 747 , 112348 , 1741
4362 , 18105 , 745 , 112359 , 1760
4363 , 18011 , 757 , 112401 , 1821
4364 , 17973 , 734 , 112470 , 1835
4365 , 17957 , 744 , 112484 , 1871
4366 , 17949 , 732 , 112570 , 1822
4367 , 17880 , 747 , 112717 , 1750
4368 , 17960 , 719 , 112816 , 1611
4369 , 17917 , 738 , 112920 , 1531
4370 , 17937 , 736 , 112981 , 1460
4371 , 17958 , 730 , 113014 , 1403
4372 , 18014 , 726 , 113037 , 1317
4373 , 18028 , 734 , 113044 , 1290
4374 , 18073 , 748 , 112990 , 1274
4375 , 18080 , 744 , 112985 , 1253
4376 , 18109 , 753 , 112964 , 1217
4377 , 18194 , 741 , 112895 , 1182
4378 , 18203 , 742 , 112832 , 1206
4379 , 18210 , 728 , 112759 , 1254
4380 , 18181 , 737 , 112712 , 1307
4381 , 18140 , 735 , 112707 , 1363
4382 , 18145 , 724 , 112673 , 1401
4383 , 18110 , 732 , 112658 , 1451
4384 , 18102 , 723 , 112618 , 1509
4385 , 18051 , 728 , 112673 , 1502
4386 , 18118 , 705 , 112652 , 1488
4387 , 18064 , 706 , 112676 , 1522
4388 , 18055 , 700 , 112724 , 1509
4389 , 18060 , 700 , 112728 , 1507
4390 , 18051 , 699 , 112701 , 1544
4391 , 18052 , 714 , 112691 , 1536
4392 , 18063 , 688 , 112695 , 1533
4393 , 18082 , 676 , 112702 , 1499
4394 , 18083 , 682 , 112691 , 1492
4395 , 18095 , 675 , 112696 , 1472
4396 , 18106 , 677 , 112730 , 1416
4397 , 18139 , 679 , 112711 , 1402
4398 , 18103 , 688 , 112705 , 1410
4399 , 18159 , 690 , 112641 , 1409
4400 , 18155 , 705 , 112610 , 1423
4401 , 18191 , 684 , 112569 , 1431
4402 , 18185 , 695 , 112550 , 1451
4403 , 18199 , 695 , 112546 , 1426
4404 , 18219 , 684 , 112515 , 1432
4405 , 18212 , 675 , 112503 , 1446
4406 , 18228 , 683 , 112452 , 1469
4407 , 18234 , 678 , 112465 , 1443
4408 , 18246 , 670 , 112485 , 1415
4409 , 18273 , 680 , 112452 , 1412
4410 , 18292 , 668 , 112455 , 1383
4411 , 18305 , 668 , 112430 , 1392
4412 , 18297 , 676 , 112406 , 1408
4413 , 18318 , 664 , 112395 , 1414
4414 , 18295 , 656 , 112456 , 1366
4415 , 18293 , 650 , 112500 , 1341
4416 , 18296 , 655 , 112503 , 1340
4417 , 18303 , 664 , 112512 , 1331
4418 , 18345 , 653 , 112513 , 1294
4419 , 18312 , 653 , 112503 , 1324
4420 , 18314 , 642 , 112460 , 1376
4421 , 18251 , 657 , 112418 , 1479
4422 , 18245 , 656 , 112405 , 1500
4423 , 18207 , 655 , 112423 , 1533
4424 , 18233 , 644 , 112398 , 1553
4425 , 18230 , 642 , 112387 , 1574
4426 , 18192 , 655 , 112421 , 1568
4427 , 18220 , 663 , 112400 , 1551
4428 , 18206 , 656 , 112395 , 1605
4429 , 18217 , 651 , 112386 , 1606
4430 , 18194 , 652 , 112367 , 1658
4431 , 18204 , 655 , 112312 , 1704
4432 , 18130 , 665 , 112318 , 1768
4433 , 18112 , 649 , 112332 , 1792
4434 , 18016 , 671 , 112389 , 1812
4435 , 18024 , 657 , 112420 , 1807
4436 , 18006 , 660 , 112482 , 1775
4437 , 18028 , 658 , 112577 , 1657
4438 , 18002 , 661 , 112656 , 1607
4439 , 18051 , 654 , 112705 , 1509
4440 , 18054 , 659 , 112742 , 1459
4441 , 18061 , 667 , 112803 , 1391
4442 , 18088 , 675 , 112864 , 1285
4443 , 18095 , 669 , 112869 , 1281
4444 , 18146 , 666 , 112837 , 1259
4445 , 18155 , 664 , 112884 , 1186
4446 , 18215 , 658 , 112877 , 1133
4447 , 18216 , 666 , 112888 , 1116
4448 , 18268 , 649 , 112874 , 1088
4449 , 18244 , 656 , 112874 , 1094
4450 , 18285 , 652 , 112835 , 1091
4451 , 18222 , 663 , 112836 , 1136
4452 , 18281 , 661 , 112753 , 1175
4453 , 18203 , 671 , 112745 , 1242
4454 , 18278 , 657 , 112665 , 1265
4455 , 18229 , 657 , 112660 , 1287
4456 , 18210 , 660 , 112669 , 1286
4457 , 18193 , 658 , 112704 , 1272
4458 , 18195 , 654 , 112730 , 1260
4459 , 18204 , 649 , 112723 , 1282
4460 , 18180 , 659 , 112696 , 1332
4461 , 18145 , 670 , 112685 , 1380
4462 , 18166 , 668 , 112629 , 1429
4463 , 18132 , 667 , 112618 , 1474
4464 , 18133 , 658 , 112562 , 1547
4465 , 18096 , 658 , 112542 , 1609
4466 , 18048 , 676 , 112522 , 1669
4467 , 18070 , 668 , 112520 , 1677
4468 , 18011 , 663 , 112572 , 1686
4469 , 18025 , 669 , 112601 , 1650
4470 , 18024 , 653 , 112671 , 1588
4471 , 18046 , 649 , 112691 , 1558
4472 , 18017 , 666 , 112741 , 1522
4473 , 18047 , 663 , 112791 , 1440
4474 , 18050 , 666 , 112812 , 1416
4475 , 18068 , 670 , 112797 , 1408
4476 , 18086 , 661 , 112772 , 1427
4477 , 18084 , 666 , 112770 , 1420
4478 , 18089 , 656 , 112701 , 1488
4479 , 18038 , 656 , 112690 , 1536
4480 , 18010 , 662 , 112631 , 1612
4481 , 17973 , 670 , 112594 , 1681
4482 , 17942 , 666 , 112558 , 1756
4483 , 17900 , 649 , 112518 , 1854
4484 , 17831 , 661 , 112505 , 1945
4485 , 17804 , 648 , 112521 , 1985
4486 , 17781 , 646 , 112524 , 2019
4487 , 17737 , 668 , 112577 , 2005
4488 , 17747 , 657 , 112606 , 1982
4489 , 17761 , 644 , 112664 , 1923
4490 , 17742 , 659 , 112723 , 1874
4491 , 17739 , 658 , 112798 , 1807
4492 , 17743 , 650 , 112872 , 1738
4493 , 17735 , 668 , 112937 , 1676
4494 , 17765 , 660 , 112970 , 1640
4495 , 17780 , 661 , 113055 , 1531
4496 , 17806 , 645 , 113064 , 1530
4497 , 17819 , 640 , 113114 , 1482
4498 , 17797 , 639 , 113156 , 1472
4499 , 17758 , 660 , 113204 , 1453
4500 , 17777 , 633 , 113216 , 1465
4501 , 17759 , 639 , 113232 , 1473
4502 , 17755 , 627 , 113259 , 1464
4503 , 17731 , 624 , 113326 , 1433
4504 , 17717 , 633 , 113367 , 1411
4505 , 17685 , 624 , 113394 , 1452
4506 , 17711 , 606 , 113448 , 1414
4507 , 17648 , 623 , 113491 , 1439
4508 , 17619 , 620 , 113548 , 1433
4509 , 17651 , 622 , 113564 , 1398
4510 , 17615 , 614 , 113596 , 1411
4511 , 17594 , 611 , 113623 , 1417
4512 , 17582 , 628 , 113640 , 1403
4513 , 17571 , 621 , 113697 , 1371
4514 , 17547 , 634 , 113722 , 1377
4515 , 17549 , 630 , 113720 , 1377
4516 , 17576 , 622 , 113723 , 1363
4517 , 17561 , 623 , 113755 , 1341
4518 , 17610 , 618 , 113814 , 1237
4519 , 17630 , 616 , 113827 , 1215
4520 , 17652 , 621 , 113819 , 1205
4521 , 17702 , 640 , 113829 , 1111
4522 , 17741 , 636 , 113787 , 1103
4523 , 17788 , 637 , 113737 , 1089
4524 , 17824 , 628 , 113697 , 1064
4525 , 17853 , 622 , 113670 , 1052
4526 , 17873 , 614 , 113644 , 1050
4527 , 17893 , 618 , 113577 , 1087
4528 , 17882 , 613 , 113557 , 1108
4529 , 17895 , 622 , 113491 , 1149
4530 , 17895 , 621 , 113465 , 1170
4531 , 17865 , 622 , 113447 , 1217
4532 , 17883 , 614 , 113411 , 1245
4533 , 17872 , 622 , 113427 , 1236
4534 , 17898 , 617 , 113393 , 1237
4535 , 17911 , 617 , 113381 , 1229
4536 , 17911 , 613 , 113414 , 1197
4537 , 17938 , 618 , 113413 , 1172
4538 , 17940 , 624 , 113407 , 1172
4539 , 17960 , 615 , 113377 , 1192
4540 , 17949 , 620 , 113370 , 1198
4541 , 17962 , 621 , 113337 , 1214
4542 , 17987 , 618 , 113298 , 1226
4543 , 17966 , 624 , 113302 , 1228
4544 , 17960 , 642 , 113260 , 1257
4545 , 18008 , 626 , 113215 , 1265
4546 , 17986 , 641 , 113193 , 1280
4547 , 18059 , 642 , 113103 , 1281
4548 , 18007 , 640 , 113070 , 1339
4549 , 17996 , 640 , 113049 , 1373
4550 , 18007 , 617 , 113047 , 1376
4551 , 17963 , 631 , 113085 , 1377
4552 , 17983 , 623 , 113096 , 1368
4553 , 17998 , 622 , 113075 , 1373
4554 , 17960 , 625 , 113072 , 1407
4555 , 17952 , 621 , 113070 , 1427
4556 , 17951 , 619 , 113036 , 1472
4557 , 17908 , 628 , 113028 , 1523
4558 , 17888 , 612 , 113022 , 1580
4559 , 17807 , 616 , 113080 , 1610
4560 , 17805 , 607 , 113123 , 1586
4561 , 17739 , 614 , 113171 , 1595
4562 , 17734 , 603 , 113202 , 1590
4563 , 17693 , 608 , 113256 , 1588
4564 , 17643 , 603 , 113305 , 1612
4565 , 17645 , 587 , 113354 , 1595
4566 , 17642 , 593 , 113412 , 1538
4567 , 17651 , 586 , 113485 , 1470
4568 , 17659 , 587 , 113560 , 1386
4569 , 17667 , 576 , 113614 , 1335
4570 , 17687 , 572 , 113655 , 1305
4571 , 17685 , 579 , 113668 , 1280
4572 , 17676 , 579 , 113696 , 1269
4573 , 17674 , 580 , 113695 , 1282
4574 , 17696 , 577 , 113702 , 1255
4575 , 17710 , 583 , 113738 , 1220
4576 , 17724 , 597 , 113733 , 1207
4577 , 17711 , 603 , 113727 , 1215
4578 , 17727 , 602 , 113701 , 1222
4579 , 17750 , 600 , 113647 , 1253
4580 , 17764 , 609 , 113578 , 1292
4581 , 17795 , 613 , 113503 , 1328
4582 , 17792 , 617 , 113426 , 1397
4583 , 17781 , 628 , 113388 , 1432
4584 , 17819 , 632 , 113352 , 1420
4585 , 17835 , 632 , 113300 , 1440
4586 , 17842 , 626 , 113263 , 1454
4587 , 17838 , 622 , 113278 , 1433
4588 , 17861 , 622 , 113277 , 1418
4589 , 17842 , 620 , 113274 , 1419
4590 , 17860 , 623 , 113297 , 1367
4591 , 17860 , 633 , 113337 , 1326
4592 , 17900 , 640 , 113320 , 1295
4593 , 17919 , 633 , 113268 , 1303
4594 , 17952 , 626 , 113240 , 1287
4595 , 17959 , 639 , 113192 , 1301
4596 , 18019 , 625 , 113149 , 1274
4597 , 17994 , 631 , 113153 , 1267
4598 , 18040 , 625 , 113151 , 1217
4599 , 18010 , 637 , 113146 , 1236
4600 , 18040 , 628 , 113114 , 1241
4601 , 18069 , 625 , 113107 , 1211
4602 , 18096 , 623 , 113067 , 1206
4603 , 18094 , 628 , 113037 , 1210
4604 , 18096 , 628 , 113009 , 1226
4605 , 18084 , 624 , 113001 , 1240
4606 , 18109 , 617 , 112981 , 1242
4607 , 18066 , 622 , 112990 , 1258
4608 , 18081 , 623 , 112964 , 1272
4609 , 18062 , 625 , 112938 , 1306
4610 , 18051 , 611 , 112960 , 1315
4611 , 18002 , 619 , 112943 , 1381
4612 , 18015 , 605 , 112907 , 1417
4613 , 17999 , 609 , 112892 , 1447
4614 , 17960 , 626 , 112883 , 1492
4615 , 17954 , 623 , 112853 , 1537
4616 , 17902 , 623 , 112832 , 1601
4617 , 17858 , 632 , 112922 , 1553
4618 , 17866 , 606 , 112986 , 1518
4619 , 17848 , 603 , 113056 , 1480
4620 , 17870 , 608 , 113096 , 1426
4621 , 17874 , 600 , 113105 , 1430
4622 , 17891 , 591 , 113144 , 1388
4623 , 17889 , 588 , 113135 , 1421
4624 , 17886 , 594 , 113140 , 1422
4625 , 17918 , 602 , 113092 , 1431
4626 , 17916 , 586 , 113092 , 1420
4627 , 17914 , 595 , 113109 , 1395
4628 , 17914 , 589 , 113145 , 1371
4629 , 17890 , 593 , 113177 , 1374
4630 , 17914 , 573 , 113141 , 1413
4631 , 17915 , 568 , 113150 , 1409
4632 , 17902 , 579 , 113130 , 1440
4633 , 17866 , 580 , 113128 , 1482
4634 , 17852 , 575 , 113099 , 1534
4635 , 17796 , 576 , 113110 , 1594
4636 , 17791 , 574 , 113125 , 1597
4637 , 17786 , 570 , 113114 , 1626
4638 , 17800 , 567 , 113108 , 1615
4639 , 17787 , 571 , 113080 , 1649
4640 , 17779 , 574 , 113097 , 1637
4641 , 17781 , 562 , 113141 , 1617
4642 , 17735 , 556 , 113188 , 1631
4643 , 17710 , 555 , 113277 , 1585
4644 , 17693 , 545 , 113330 , 1567
4645 , 17689 , 547 , 113413 , 1493
4646 , 17680 , 547 , 113426 , 1512
4647 , 17636 , 552 , 113511 , 1480
4648 , 17642 , 555 , 113539 , 1460
4649 , 17634 , 540 , 113565 , 1462
4650 , 17625 , 542 , 113564 , 1485
4651 , 17559 , 543 , 113601 , 1520
4652 , 17548 , 551 , 113625 , 1522
4653 , 17547 , 551 , 113698 , 1465
4654 , 17503 , 554 , 113745 , 1462
4655 , 17524 , 551 , 113796 , 1407
4656 , 17541 , 550 , 113844 , 1337
4657 , 17543 , 553 , 113881 , 1298
4658 , 17550 , 571 , 113886 , 1281
4659 , 17559 , 578 , 113884 , 1270
4660 , 17616 , 569 , 113868 , 1239
4661 , 17627 , 571 , 113861 , 1228
4662 , 17678 , 568 , 113810 , 1225
4663 , 17678 , 576 , 113765 , 1248
4664 , 17709 , 581 , 113679 , 1280
4665 , 17751 , 584 , 113602 , 1296
4666 , 17746 , 576 , 113552 , 1336
4667 , 17770 , 565 , 113519 , 1357
4668 , 17726 , 576 , 113493 , 1412
4669 , 17722 , 575 , 113453 , 1453
4670 , 17685 , 586 , 113447 , 1477
4671 , 17686 , 573 , 113430 , 1514
4672 , 17679 , 570 , 113408 , 1540
4673 , 17653 , 574 , 113415 , 1572
4674 , 17616 , 572 , 113439 , 1581
4675 , 17622 , 568 , 113506 , 1514
4676 , 17629 , 570 , 113521 , 1495
4677 , 17668 , 571 , 113522 , 1451
4678 , 17686 , 570 , 113537 , 1410
4679 , 17680 , 568 , 113575 , 1366
4680 , 17744 , 558 , 113565 , 1327
4681 , 17743 , 574 , 113563 , 1311
4682 , 17780 , 577 , 113522 , 1297
4683 , 17807 , 584 , 113475 , 1294
4684 , 17839 , 585 , 113396 , 1316
4685 , 17867 , 595 , 113360 , 1304
4686 , 17910 , 590 , 113290 , 1310
4687 , 17935 , 584 , 113274 , 1279
4688 , 17953 , 595 , 113236 , 1288
4689 , 18007 , 591 , 113224 , 1232
4690 , 18007 , 597 , 113197 , 1234
4691 , 18033 , 598 , 113160 , 1245
4692 , 18030 , 614 , 113129 , 1248
4693 , 18028 , 615 , 113121 , 1256
4694 , 18074 , 605 , 113073 , 1261
4695 , 18068 , 610 , 113047 , 1280
4696 , 18098 , 613 , 113009 , 1288
4697 , 18086 , 615 , 112977 , 1303
4698 , 18094 , 613 , 112953 , 1312
4699 , 18063 , 630 , 112936 , 1340
4700 , 18111 , 643 , 112909 , 1310
4701 , 18107 , 654 , 112859 , 1346
4702 , 18144 , 653 , 112769 , 1382
4703 , 18129 , 649 , 112697 , 1453
4704 , 18143 , 639 , 112646 , 1483
4705 , 18072 , 646 , 112665 , 1512
4706 , 18083 , 641 , 112636 , 1548
4707 , 18052 , 637 , 112648 , 1579
4708 , 18011 , 639 , 112646 , 1630
4709 , 17963 , 634 , 112688 , 1654
4710 , 17918 , 629 , 112743 , 1664
4711 , 17904 , 631 , 112810 , 1627
4712 , 17895 , 625 , 112868 , 1598
4713 , 17923 , 613 , 112874 , 1584
4714 , 17894 , 617 , 112920 , 1559
4715 , 17888 , 638 , 112941 , 1565
4716 , 17921 , 631 , 112936 , 1550
4717 , 17880 , 641 , 112977 , 1539
4718 , 17886 , 637 , 113009 , 1519
4719 , 17890 , 640 , 113004 , 1512
4720 , 17886 , 624 , 113030 , 1501
4721 , 17901 , 636 , 113043 , 1467
4722 , 17894 , 658 , 113055 , 1429
4723 , 17910 , 641 , 113061 , 1416
4724 , 17972 , 651 , 113015 , 1392
4725 , 17981 , 662 , 113032 , 1352
4726 , 18013 , 661 , 113031 , 1307
4727 , 18069 , 671 , 112981 , 1275
4728 , 18091 , 682 , 112931 , 1268
4729 , 18122 , 679 , 112868 , 1292
4730 , 18147 , 683 , 112840 , 1268
4731 , 18194 , 694 , 112777 , 1252
4732 , 18238 , 684 , 112716 , 1235
4733 , 18274 , 681 , 112631 , 1258
4734 , 18303 , 679 , 112560 , 1274
4735 , 18320 , 678 , 112476 , 1318
4736 , 18324 , 675 , 112394 , 1382
4737 , 18314 , 688 , 112320 , 1440
4738 , 18344 , 678 , 112246 , 1468
4739 , 18270 , 700 , 112204 , 1546
4740 , 18263 , 716 , 112148 , 1591
4741 , 18262 , 712 , 112078 , 1662
4742 , 18251 , 720 , 112024 , 1712
4743 , 18258 , 703 , 111977 , 1764
4744 , 18263 , 702 , 111972 , 1760
4745 , 18267 , 723 , 111978 , 1754
4746 , 18294 , 712 , 112000 , 1697
4747 , 18322 , 710 , 111991 , 1679
4748 , 18342 , 713 , 111948 , 1701
4749 , 18343 , 708 , 111951 , 1676
4750 , 18353 , 703 , 111933 , 1666
4751 , 18356 , 704 , 111941 , 1641
4752 , 18347 , 707 , 111968 , 1621
4753 , 18327 , 718 , 111994 , 1605
4754 , 18402 , 696 , 111988 , 1546
4755 , 18376 , 698 , 112022 , 1519
4756 , 18383 , 699 , 112044 , 1486
4757 , 18338 , 716 , 112057 , 1503
4758 , 18349 , 695 , 111995 , 1567
4759 , 18262 , 705 , 112011 , 1616
4760 , 18342 , 687 , 111942 , 1637
4761 , 18236 , 705 , 111985 , 1670
4762 , 18213 , 714 , 111982 , 1723
4763 , 18153 , 704 , 111957 , 1818
4764 , 18103 , 710 , 112016 , 1816
4765 , 18069 , 704 , 112051 , 1836
4766 , 18002 , 704 , 112087 , 1888
4767 , 17972 , 689 , 112117 , 1937
4768 , 17947 , 680 , 112190 , 1924
4769 , 17933 , 676 , 112199 , 1962
4770 , 17905 , 677 , 112219 , 1987
4771 , 17856 , 670 , 112299 , 1988
4772 , 17833 , 657 , 112424 , 1934
4773 , 17826 , 660 , 112514 , 1891
4774 , 17806 , 659 , 112618 , 1827
4775 , 17826 , 636 , 112658 , 1815
4776 , 17793 , 639 , 112757 , 1770
4777 , 17825 , 631 , 112870 , 1648
4778 , 17824 , 639 , 112955 , 1579
4779 , 17824 , 630 , 113058 , 1488
4780 , 17818 , 633 , 113094 , 1477
4781 , 17840 , 630 , 113123 , 1437
4782 , 17839 , 632 , 113153 , 1436
4783 , 17827 , 640 , 113134 , 1465
4784 , 17865 , 640 , 113082 , 1478
4785 , 17855 , 643 , 113055 , 1497
4786 , 17886 , 647 , 113020 , 1491
4787 , 17927 , 645 , 112968 , 1488
4788 , 17981 , 651 , 112914 , 1453
4789 , 17999 , 639 , 112895 , 1436
4790 , 18011 , 635 , 112879 , 1433
4791 , 18042 , 638 , 112849 , 1420
4792 , 18044 , 641 , 112824 , 1428
4793 , 18046 , 637 , 112820 , 1418
4794 , 18077 , 641 , 112807 , 1382
4795 , 18094 , 642 , 112799 , 1349
4796 , 18109 , 654 , 112803 , 1310
4797 , 18149 , 649 , 112809 , 1254
4798 , 18190 , 653 , 112782 , 1236
4799 , 18214 , 651 , 112747 , 1231
4800 , 18242 , 663 , 112708 , 1228
4801 , 18293 , 662 , 112630 , 1241
4802 , 18285 , 665 , 112566 , 1294
4803 , 18284 , 659 , 112516 , 1322
4804 , 18333 , 660 , 112444 , 1321
4805 , 18358 , 657 , 112401 , 1328
4806 , 18378 , 651 , 112351 , 1358
4807 , 18388 , 646 , 112296 , 1398
4808 , 18380 , 661 , 112276 , 1396
4809 , 18405 , 657 , 112258 , 1384
4810 , 18419 , 653 , 112220 , 1392
4811 , 18454 , 645 , 112186 , 1388
4812 , 18450 , 648 , 112154 , 1397
4813 , 18450 , 639 , 112123 , 1426
4814 , 18410 , 648 , 112114 , 1458
4815 , 18383 , 655 , 112089 , 1513
4816 , 18394 , 649 , 112074 , 1519
4817 , 18379 , 648 , 112080 , 1532
4818 , 18385 , 649 , 112064 , 1535
4819 , 18372 , 654 , 112093 , 1518
4820 , 18399 , 652 , 112139 , 1443
4821 , 18379 , 657 , 112186 , 1417
4822 , 18370 , 674 , 112205 , 1404
4823 , 18406 , 665 , 112187 , 1383
4824 , 18369 , 681 , 112188 , 1411
4825 , 18358 , 681 , 112200 , 1418
4826 , 18370 , 685 , 112153 , 1456
4827 , 18345 , 703 , 112167 , 1450
4828 , 18380 , 692 , 112113 , 1481
4829 , 18361 , 689 , 112112 , 1479
4830 , 18361 , 696 , 112094 , 1486
4831 , 18340 , 699 , 112089 , 1514
4832 , 18308 , 705 , 112089 , 1542
4833 , 18287 , 700 , 112097 , 1571
4834 , 18314 , 687 , 112129 , 1532
4835 , 18304 , 707 , 112176 , 1489
4836 , 18352 , 704 , 112170 , 1460
4837 , 18364 , 710 , 112180 , 1426
4838 , 18421 , 713 , 112105 , 1423
4839 , 18424 , 729 , 112077 , 1412
4840 , 18479 , 727 , 112001 , 1418
4841 , 18452 , 738 , 111960 , 1446
4842 , 18511 , 718 , 111864 , 1484
4843 , 18436 , 734 , 111862 , 1532
4844 , 18424 , 716 , 111834 , 1585
4845 , 18421 , 702 , 111779 , 1663
4846 , 18369 , 706 , 111753 , 1736
4847 , 18367 , 706 , 111747 , 1758
4848 , 18330 , 703 , 111756 , 1791
4849 , 18332 , 694 , 111739 , 1833
4850 , 18277 , 695 , 111744 , 1881
4851 , 18245 , 693 , 111742 , 1917
4852 , 18204 , 685 , 111745 , 1983
4853 , 18160 , 692 , 111777 , 2009
4854 , 18119 , 687 , 111838 , 2006
4855 , 18137 , 672 , 111873 , 1984
4856 , 18063 , 675 , 111944 , 1990
4857 , 18044 , 660 , 111998 , 2000
4858 , 17978 , 649 , 112132 , 1968
4859 , 17962 , 650 , 112266 , 1888
4860 , 17956 , 638 , 112386 , 1811
4861 , 17923 , 641 , 112530 , 1725
4862 , 17936 , 633 , 112617 , 1665
4863 , 17912 , 635 , 112691 , 1646
4864 , 17907 , 635 , 112717 , 1664
4865 , 17960 , 610 , 112722 , 1647
4866 , 17926 , 622 , 112688 , 1700
4867 , 17920 , 641 , 112665 , 1725
4868 , 17937 , 630 , 112625 , 1758
4869 , 17923 , 636 , 112612 , 1786
4870 , 17967 , 643 , 112591 , 1763
4871 , 17987 , 652 , 112560 , 1767
4872 , 18014 , 659 , 112519 , 1758
4873 , 18045 , 656 , 112468 , 1771
4874 , 18069 , 650 , 112410 , 1791
4875 , 18057 , 638 , 112361 , 1849
4876 , 18070 , 627 , 112323 , 1879
4877 , 18035 , 624 , 112319 , 1906
4878 , 18024 , 629 , 112380 , 1858
4879 , 18066 , 614 , 112400 , 1822
4880 , 18048 , 614 , 112443 , 1785
4881 , 18041 , 617 , 112492 , 1749
4882 , 18030 , 606 , 112539 , 1724
4883 , 18028 , 618 , 112575 , 1691
4884 , 18052 , 613 , 112597 , 1660
4885 , 18004 , 627 , 112664 , 1636
4886 , 18042 , 625 , 112666 , 1609
4887 , 18056 , 620 , 112631 , 1640
4888 , 18028 , 621 , 112612 , 1673
4889 , 18051 , 620 , 112589 , 1667
4890 , 18055 , 630 , 112598 , 1642
4891 , 18058 , 633 , 112594 , 1651
4892 , 18033 , 619 , 112640 , 1645
4893 , 18002 , 635 , 112703 , 1620
4894 , 18040 , 620 , 112754 , 1554
4895 , 18031 , 623 , 112786 , 1545
4896 , 18037 , 619 , 112807 , 1545
4897 , 18022 , 605 , 112871 , 1518
4898 , 18049 , 595 , 112912 , 1464
4899 , 18020 , 623 , 112949 , 1436
4900 , 18081 , 622 , 112946 , 1384
4901 , 18125 , 604 , 112931 , 1363
4902 , 18139 , 606 , 112904 , 1376
4903 , 18180 , 614 , 112893 , 1325
4904 , 18269 , 598 , 112844 , 1271
4905 , 18273 , 612 , 112836 , 1232
4906 , 18323 , 606 , 112819 , 1196
4907 , 18352 , 615 , 112804 , 1165
4908 , 18438 , 603 , 112736 , 1131
4909 , 18415 , 624 , 112735 , 1115
4910 , 18469 , 630 , 112667 , 1113
4911 , 18448 , 648 , 112631 , 1134
4912 , 18495 , 636 , 112548 , 1165
4913 , 18509 , 654 , 112473 , 1193
4914 , 18560 , 646 , 112400 , 1205
4915 , 18538 , 654 , 112366 , 1225
4916 , 18553 , 660 , 112322 , 1236
4917 , 18549 , 665 , 112304 , 1258
4918 , 18488 , 658 , 112333 , 1276
4919 , 18525 , 655 , 112307 , 1273
4920 , 18508 , 666 , 112272 , 1306
4921 , 18513 , 660 , 112254 , 1324
4922 , 18488 , 662 , 112223 , 1365
4923 , 18515 , 649 , 112208 , 1367
4924 , 18496 , 649 , 112172 , 1413
4925 , 18477 , 664 , 112155 , 1441
4926 , 18497 , 664 , 112094 , 1482
4927 , 18493 , 668 , 112105 , 1476
4928 , 18508 , 671 , 112074 , 1492
4929 , 18504 , 668 , 112078 , 1474
4930 , 18521 , 676 , 112089 , 1437
4931 , 18528 , 684 , 112068 , 1439
4932 , 18601 , 675 , 112047 , 1370
4933 , 18607 , 684 , 112035 , 1346
4934 , 18635 , 670 , 112029 , 1319
4935 , 18631 , 689 , 112021 , 1307
4936 , 18616 , 677 , 112008 , 1326
4937 , 18626 , 681 , 111949 , 1362
4938 , 18578 , 681 , 111934 , 1408
4939 , 18590 , 661 , 111899 , 1438
4940 , 18608 , 654 , 111898 , 1419
4941 , 18606 , 665 , 111875 , 1447
4942 , 18578 , 672 , 111855 , 1492
4943 , 18534 , 656 , 111864 , 1554
4944 , 18497 , 662 , 111896 , 1566
4945 , 18514 , 650 , 111878 , 1602
4946 , 18470 , 663 , 111932 , 1583
4947 , 18457 , 660 , 111975 , 1566
4948 , 18448 , 660 , 112005 , 1556
4949 , 18396 , 662 , 112043 , 1583
4950 , 18377 , 652 , 112106 , 1557
4951 , 18347 , 645 , 112214 , 1525
4952 , 18362 , 631 , 112259 , 1499
4953 , 18337 , 627 , 112286 , 1524
4954 , 18352 , 625 , 112290 , 1516
4955 , 18353 , 631 , 112290 , 1509
4956 , 18364 , 626 , 112292 , 1490
4957 , 18355 , 624 , 112291 , 1503
4958 , 18357 , 608 , 112314 , 1493
4959 , 18381 , 605 , 112356 , 1437
4960 , 18400 , 595 , 112373 , 1418
4961 , 18369 , 607 , 112377 , 1433
4962 , 18392 , 593 , 112346 , 1456
4963 , 18402 , 595 , 112316 , 1468
4964 , 18381 , 597 , 112294 , 1508
4965 , 18371 , 595 , 112243 , 1572
4966 , 18338 , 589 , 112231 , 1620
4967 , 18327 , 585 , 112240 , 1633
4968 , 18331 , 579 , 112247 , 1627
4969 , 18310 , 578 , 112269 , 1640
4970 , 18291 , 579 , 112275 , 1662
4971 , 18261 , 585 , 112280 , 1701
4972 , 18248 , 582 , 112281 , 1730
4973 , 18227 , 585 , 112309 , 1730
4974 , 18208 , 594 , 112320 , 1730
4975 , 18178 , 601 , 112395 , 1688
4976 , 18203 , 594 , 112465 , 1601
4977 , 18190 , 594 , 112570 , 1523
4978 , 18168 , 597 , 112630 , 1500
4979 , 18152 , 611 , 112676 , 1462
4980 , 18177 , 606 , 112640 , 1476
4981 , 18168 , 595 , 112631 , 1513
4982 , 18126 , 602 , 112620 , 1568
4983 , 18105 , 598 , 112596 , 1617
4984 , 18087 , 599 , 112587 , 1646
4985 , 18080 , 596 , 112635 , 1616
4986 , 18083 , 580 , 112667 , 1594
4987 , 18070 , 577 , 112765 , 1520
4988 , 18096 , 581 , 112858 , 1418
4989 , 18105 , 585 , 112931 , 1339
4990 , 18126 , 572 , 112958 , 1305
4991 , 18098 , 588 , 112981 , 1309
4992 , 18133 , 580 , 112986 , 1283
4993 , 18115 , 580 , 113010 , 1276
4994 , 18164 , 574 , 112983 , 1266
4995 , 18114 , 589 , 112992 , 1291
4996 , 18184 , 581 , 112938 , 1283
4997 , 18169 , 600 , 112920 , 1288
4998 , 18159 , 609 , 112878 , 1327
4999 , 18175 , 611 , 112843 , 1334
